participant,UUID,block,cmap,data,num_color_categories,d1,d2,d3,d4,d5,d6,d7,d8,d9,d10,d11,d12,d13,d14,d15,d16,d17,d18,d19,d20,d21,d22,d23,d24
21,de550cd7-699c-4223-8183-e7580d3956da,0,gray,2D,3,0.07920264,0.9431434,0.7064207,,,,,,,,,,,,,,,,,,,,,
21,de550cd7-699c-4223-8183-e7580d3956da,0,gray,1D,4,0.59765625,0.40625,0.22395833,,,,,,,,,,,,,,,,,,,,,
21,de550cd7-699c-4223-8183-e7580d3956da,0,gray,Complex,7,0.8025735,0.44453982,0.28190014,0.073579915,0.36487284,0.5926594,0.56318533,,,,,,,,,,,,,,,,,
21,de550cd7-699c-4223-8183-e7580d3956da,1,jet,2D,8,0.060571373,0.22836626,0.34375986,0.39509594,0.48694435,0.6499,0.8270638,0.9872265,,,,,,,,,,,,,,,,
21,de550cd7-699c-4223-8183-e7580d3956da,1,jet,Complex,7,0.90544575,0.78227633,0.68484986,0.6233973,0.5051898,0.37346813,0.2074908,0.071997546,,,,,,,,,,,,,,,,
21,de550cd7-699c-4223-8183-e7580d3956da,1,jet,1D,9,0.075520836,0.18359375,0.6458333,0.8072917,0.93880206,0.35416666,0.52994794,0.4622396,,,,,,,,,,,,,,,,
21,de550cd7-699c-4223-8183-e7580d3956da,2,default,Complex,7,0.86780024,0.78285843,0.70284015,0.36345094,0.21059667,0.07558594,,,,,,,,,,,,,,,,,,
21,de550cd7-699c-4223-8183-e7580d3956da,2,default,1D,6,0.09765625,0.234375,0.7057292,0.765625,0.8723958,0.3841146,,,,,,,,,,,,,,,,,,
21,de550cd7-699c-4223-8183-e7580d3956da,2,default,2D,7,0.11981997,0.22207297,0.26894876,0.615212,0.755518,0.9472475,,,,,,,,,,,,,,,,,,
21,de550cd7-699c-4223-8183-e7580d3956da,3,kindlmann,Complex,6,0.9398897,0.8281836,0.774954,0.48868933,0.17470129,,,,,,,,,,,,,,,,,,,
21,de550cd7-699c-4223-8183-e7580d3956da,3,kindlmann,2D,7,0.06934129,0.17262305,0.24040282,0.5132389,0.8796072,0.98726773,,,,,,,,,,,,,,,,,,
21,de550cd7-699c-4223-8183-e7580d3956da,3,kindlmann,1D,6,0.18229167,0.40625,0.734375,0.80859375,0.9166667,0.111979164,,,,,,,,,,,,,,,,,,
16,3a90d49e-526c-4d3f-a946-63403fef97a6,0,kindlmann,1D,5,0.111979164,0.40364584,0.71875,0.81901044,0.9973958,,,,,,,,,,,,,,,,,,,
16,3a90d49e-526c-4d3f-a946-63403fef97a6,0,kindlmann,2D,6,0.9629538,0.8856158,0.5969395,0.28700233,0.16589175,,,,,,,,,,,,,,,,,,,
16,3a90d49e-526c-4d3f-a946-63403fef97a6,0,kindlmann,Complex,5,0.82472426,0.7351256,0.5275795,0.20761336,0.02745098,,,,,,,,,,,,,,,,,,,
16,3a90d49e-526c-4d3f-a946-63403fef97a6,1,jet,Complex,6,0.21573037,0.5401642,0.69486827,0.7960388,0.9186887,0.02745098,,,,,,,,,,,,,,,,,,
16,3a90d49e-526c-4d3f-a946-63403fef97a6,1,jet,2D,8,0.99065185,0.81899285,0.628851,0.44012728,0.35017085,0.21196382,0.07803815,,,,,,,,,,,,,,,,,
16,3a90d49e-526c-4d3f-a946-63403fef97a6,1,jet,1D,6,0.17447917,0.36328125,0.64453125,0.82161456,0.5130208,,,,,,,,,,,,,,,,,,,
16,3a90d49e-526c-4d3f-a946-63403fef97a6,2,gray,Complex,4,0.23345588,0.56215715,0.8307768,,,,,,,,,,,,,,,,,,,,,
16,3a90d49e-526c-4d3f-a946-63403fef97a6,2,gray,1D,4,0.16276042,0.4049479,0.64713544,,,,,,,,,,,,,,,,,,,,,
16,3a90d49e-526c-4d3f-a946-63403fef97a6,2,gray,2D,3,0.9472081,0.5502377,0.17693008,,,,,,,,,,,,,,,,,,,,,
16,3a90d49e-526c-4d3f-a946-63403fef97a6,3,default,2D,6,0.95762897,0.78442496,0.6308429,0.3435625,0.23000853,0.14332382,,,,,,,,,,,,,,,,,,
16,3a90d49e-526c-4d3f-a946-63403fef97a6,3,default,Complex,6,0.07573176,0.3034529,0.5952665,0.75724274,0.88318014,0.22235999,,,,,,,,,,,,,,,,,,
16,3a90d49e-526c-4d3f-a946-63403fef97a6,3,default,1D,6,0.0703125,0.2421875,0.38671875,0.67838544,0.76953125,0.890625,,,,,,,,,,,,,,,,,,
18,09212602-447b-49f0-b514-7ca1a1464dca,0,kindlmann,2D,6,0.980288,0.98497075,0.8861554,0.8201802,0.5906638,0.27806112,0.17959313,,,,,,,,,,,,,,,,,
18,09212602-447b-49f0-b514-7ca1a1464dca,0,kindlmann,1D,10,0.067708336,0.110677086,0.16666667,0.35546875,0.4609375,0.72005206,0.81901044,0.91276044,,,,,,,,,,,,,,,,
18,09212602-447b-49f0-b514-7ca1a1464dca,0,kindlmann,Complex,7,0.050183825,0.099264465,0.51671785,0.73887867,0.82420343,0.22334427,,,,,,,,,,,,,,,,,,
18,09212602-447b-49f0-b514-7ca1a1464dca,1,gray,2D,3,0.9916679,0.7642109,0.3738136,,,,,,,,,,,,,,,,,,,,,
18,09212602-447b-49f0-b514-7ca1a1464dca,1,gray,Complex,4,0.093384504,0.2574737,0.5147825,0.7987745,,,,,,,,,,,,,,,,,,,,
18,09212602-447b-49f0-b514-7ca1a1464dca,1,gray,1D,3,0.14453125,0.4596354,0.72265625,0.9088542,,,,,,,,,,,,,,,,,,,,
18,09212602-447b-49f0-b514-7ca1a1464dca,2,jet,Complex,5,0.20367563,0.35440272,0.51596344,0.6615127,0.7715359,0.96351105,,,,,,,,,,,,,,,,,,
18,09212602-447b-49f0-b514-7ca1a1464dca,2,jet,1D,10,0.040364582,0.13020833,0.1953125,0.3216146,0.41015625,0.58984375,0.69401044,0.82682294,0.92057294,,,,,,,,,,,,,,,
18,09212602-447b-49f0-b514-7ca1a1464dca,2,jet,2D,9,1,0.9008949,0.79161525,0.64535016,0.47878435,0.35631433,0.16927083,0.06293253,0.23321472,,,,,,,,,,,,,,,
18,09212602-447b-49f0-b514-7ca1a1464dca,3,default,Complex,5,0.18023898,0.34917256,0.72630066,0.8531556,0.63490516,,,,,,,,,,,,,,,,,,,
18,09212602-447b-49f0-b514-7ca1a1464dca,3,default,2D,7,1,0.9372866,0.77353835,0.71909904,0.6185924,0.27398258,0.1957807,,,,,,,,,,,,,,,,,
18,09212602-447b-49f0-b514-7ca1a1464dca,3,default,1D,9,0.1015625,0.19791667,0.3372396,0.65494794,0.80078125,0.90494794,0.3984375,0.73046875,,,,,,,,,,,,,,,,
17,6b43f795-f824-4222-b3ae-920f9b65c0d3,0,kindlmann,Complex,6,0.9429228,0.82058823,0.74105257,0.47843137,0.1356151,,,,,,,,,,,,,,,,,,,
17,6b43f795-f824-4222-b3ae-920f9b65c0d3,0,kindlmann,1D,8,0.93098956,0.82161456,0.72786456,0.4856771,0.3984375,0.1953125,0.111979164,,,,,,,,,,,,,,,,,
17,6b43f795-f824-4222-b3ae-920f9b65c0d3,0,kindlmann,2D,8,0.067708336,0.17070705,0.28347164,0.53107125,0.79737693,0.87848085,0.92227584,,,,,,,,,,,,,,,,,
17,6b43f795-f824-4222-b3ae-920f9b65c0d3,1,gray,Complex,5,0.9549856,0.8041054,0.562998,0.20902465,,,,,,,,,,,,,,,,,,,,
17,6b43f795-f824-4222-b3ae-920f9b65c0d3,1,gray,2D,4,0.059498224,0.5957227,0.8472831,,,,,,,,,,,,,,,,,,,,,
17,6b43f795-f824-4222-b3ae-920f9b65c0d3,1,gray,1D,5,0.9192708,0.12760417,0.375,0.58984375,,,,,,,,,,,,,,,,,,,,
17,6b43f795-f824-4222-b3ae-920f9b65c0d3,2,default,1D,10,0.9244792,0.859375,0.78125,0.71744794,0.66796875,0.40364584,0.33333334,0.2265625,0.096354164,,,,,,,,,,,,,,,
17,6b43f795-f824-4222-b3ae-920f9b65c0d3,2,default,2D,7,0.10881553,0.20513494,0.2652801,0.5745242,0.76339406,0.93915147,,,,,,,,,,,,,,,,,,
17,6b43f795-f824-4222-b3ae-920f9b65c0d3,2,default,Complex,9,0.889614,0.7769608,0.72694546,0.6400022,0.42342207,0.33685654,0.2261805,0.087265976,,,,,,,,,,,,,,,,
17,6b43f795-f824-4222-b3ae-920f9b65c0d3,3,jet,1D,15,0.94921875,0.90234375,0.8229167,0.78125,0.6770833,0.640625,0.5494792,0.40885416,0.3606771,0.17057292,0.076822914,0.03515625,0.48046875,0.22786458,,,,,,,,,,
17,6b43f795-f824-4222-b3ae-920f9b65c0d3,3,jet,Complex,10,0.91352636,0.7796875,0.6627451,0.64312327,0.5200003,0.35398284,0.24436274,0.0627451,0.68235296,,,,,,,,,,,,,,,
17,6b43f795-f824-4222-b3ae-920f9b65c0d3,3,jet,2D,11,0.018958619,0.095541336,0.1915081,0.3183587,0.3726507,0.47146204,0.6308429,0.79744077,0.9589629,0.24497168,,,,,,,,,,,,,,
22,08320cac-6b19-4e96-86be-1c38a0032d76,0,gray,1D,5,0.21484375,0.58984375,0.098958336,0.3841146,,,,,,,,,,,,,,,,,,,,
22,08320cac-6b19-4e96-86be-1c38a0032d76,0,gray,2D,5,0.09095963,0.4073336,0.59398407,0.861259,,,,,,,,,,,,,,,,,,,,
22,08320cac-6b19-4e96-86be-1c38a0032d76,0,gray,Complex,6,0.52443296,0.27279273,0.0627451,0.17164713,0.8924783,0.7175705,,,,,,,,,,,,,,,,,,
22,08320cac-6b19-4e96-86be-1c38a0032d76,1,jet,Complex,8,0.056326594,0.19983874,0.28795615,0.3551558,0.44748774,0.5576837,0.6473955,0.79202396,0.92434114,,,,,,,,,,,,,,,
22,08320cac-6b19-4e96-86be-1c38a0032d76,1,jet,2D,11,0.98809165,0.8710539,0.81640524,0.63859457,0.43090892,0.34473503,0.27184555,0.19936763,0.09663529,0.04694728,0.028047733,,,,,,,,,,,,,
22,08320cac-6b19-4e96-86be-1c38a0032d76,1,jet,1D,10,0.055989582,0.18489583,0.3346354,0.3815104,0.4674479,0.62369794,0.65755206,0.75130206,0.8072917,0.8958333,0.96484375,,,,,,,,,,,,,
22,08320cac-6b19-4e96-86be-1c38a0032d76,2,kindlmann,2D,12,0.99071,0.9736798,0.8792062,0.8328205,0.7552712,0.61184615,0.41550133,0.26887313,0.17677669,0.059040543,0.9821334,,,,,,,,,,,,,
22,08320cac-6b19-4e96-86be-1c38a0032d76,2,kindlmann,1D,11,0.01953125,0.10546875,0.14973958,0.234375,0.3671875,0.453125,0.71744794,0.61067706,0.8177083,0.9713542,,,,,,,,,,,,,,
22,08320cac-6b19-4e96-86be-1c38a0032d76,2,kindlmann,Complex,9,0.03529412,0.15724942,0.35589767,0.27144608,0.5041778,0.7393382,0.81522673,0.95233345,,,,,,,,,,,,,,,,
22,08320cac-6b19-4e96-86be-1c38a0032d76,3,default,2D,8,0.98152214,0.78028154,0.9151154,0.72227496,0.6563378,0.26210392,0.19102943,0.119479895,,,,,,,,,,,,,,,,
22,08320cac-6b19-4e96-86be-1c38a0032d76,3,default,Complex,7,0.072949335,0.23728673,0.35942695,0.6673057,0.777405,0.88083637,,,,,,,,,,,,,,,,,,
22,08320cac-6b19-4e96-86be-1c38a0032d76,3,default,1D,8,0.088541664,0.21223958,0.26302084,0.3671875,0.6380208,0.77213544,0.75,0.87369794,,,,,,,,,,,,,,,,
11,cd9cf3f9-29f6-40df-baca-c3e77d71f0be,0,jet,Complex,10,0.2913902,0.5115196,0.16826238,0.3588848,0.83650666,0.9843137,0.9709253,0.8150123,0.7030643,,,,,,,,,,,,,,,
11,cd9cf3f9-29f6-40df-baca-c3e77d71f0be,0,jet,1D,14,0.02734375,0.061197918,0.10546875,0.19661458,0.25390625,0.3203125,0.3736979,0.43489584,0.53515625,0.6354167,0.94140625,0.86067706,0.7994792,0.72265625,,,,,,,,,,
11,cd9cf3f9-29f6-40df-baca-c3e77d71f0be,0,jet,2D,18,1,0.9541419,0.9205131,0.88085914,0.8293075,0.7737312,0.70589733,0.6460223,0.5988111,0.5426736,0.48419297,0.42760703,0.35543776,0.27918077,0.22072522,0.18347828,0.10018429,0.047163468,,,,,,
11,cd9cf3f9-29f6-40df-baca-c3e77d71f0be,1,gray,Complex,8,0.1556837,0.1953937,0.25484067,0.45823807,0.8906403,0.7890778,0.57113016,0.6249125,,,,,,,,,,,,,,,,
11,cd9cf3f9-29f6-40df-baca-c3e77d71f0be,1,gray,2D,8,0.93245894,0.8644735,0.805412,0.7339916,0.64646834,0.54112804,0.39100674,0.19223267,,,,,,,,,,,,,,,,
11,cd9cf3f9-29f6-40df-baca-c3e77d71f0be,1,gray,1D,18,0.067708336,0.09375,0.119791664,0.14713542,0.17317708,0.1953125,0.22786458,0.25390625,0.2890625,0.328125,0.3841146,0.4596354,0.6015625,0.7317708,0.8463542,0.5286458,0.92838544,,,,,,,
11,cd9cf3f9-29f6-40df-baca-c3e77d71f0be,2,default,2D,17,1,0.94118565,0.8944393,0.79744077,0.75923854,0.7009902,0.62404984,0.53255683,0.41409525,0.35247758,0.2885459,0.2296692,0.16572815,0.0922919,0.045479815,0.13031246,0.6626261,0.84824306,,,,,,
11,cd9cf3f9-29f6-40df-baca-c3e77d71f0be,2,default,1D,19,0.033854168,0.072916664,0.122395836,0.19661458,0.23046875,0.2825521,0.3346354,0.3971354,0.4596354,0.5442708,0.6067708,0.67578125,0.73307294,0.7708333,0.82161456,0.8671875,0.92838544,,,,,,,
11,cd9cf3f9-29f6-40df-baca-c3e77d71f0be,2,default,Complex,11,0.13333334,0.17032076,0.23648567,0.32616422,0.38902876,0.5986979,0.6586091,0.71788245,0.7681373,0.8136503,0.8526898,0.8971967,0.9591912,,,,,,,,,,,
11,cd9cf3f9-29f6-40df-baca-c3e77d71f0be,3,kindlmann,1D,16,0.93880206,0.88671875,0.82161456,0.75911456,0.7135417,0.60546875,0.52213544,0.44010416,0.35416666,0.2565104,0.19791667,0.15494792,0.110677086,,,,,,,,,,,
11,cd9cf3f9-29f6-40df-baca-c3e77d71f0be,3,kindlmann,Complex,12,0.09682904,0.12796655,0.1547015,0.23457702,0.33798277,0.46632966,0.567113,0.7216436,0.81569654,0.84000534,0.9200727,,,,,,,,,,,,,
11,cd9cf3f9-29f6-40df-baca-c3e77d71f0be,3,kindlmann,2D,18,0.96897393,0.8951555,0.8438143,0.8053656,0.74771786,0.6897061,0.6302406,0.5836704,0.5240784,0.40886247,0.47292697,0.2992413,0.1897471,0.06815756,,,,,,,,,,
1,a073d179-b2be-474c-ae3d-67bcd1a2fedf,0,default,1D,5,0.26041666,0.74348956,0.84505206,,,,,,,,,,,,,,,,,,,,,
1,a073d179-b2be-474c-ae3d-67bcd1a2fedf,0,default,2D,7,0.11243246,0.19314772,0.25,0.55471194,0.7682292,0.9427982,,,,,,,,,,,,,,,,,,
1,a073d179-b2be-474c-ae3d-67bcd1a2fedf,0,default,Complex,6,0.90857846,0.8267624,0.75634193,0.43382353,0.24644206,,,,,,,,,,,,,,,,,,,
1,a073d179-b2be-474c-ae3d-67bcd1a2fedf,1,jet,1D,7,0.19921875,0.359375,0.515625,0.6666667,0.78255206,0.6015625,,,,,,,,,,,,,,,,,,
1,a073d179-b2be-474c-ae3d-67bcd1a2fedf,1,jet,Complex,7,0.91688114,0.7688419,0.70835346,0.5228269,0.35497856,0.21272476,,,,,,,,,,,,,,,,,,
1,a073d179-b2be-474c-ae3d-67bcd1a2fedf,1,jet,2D,10,0.011646188,0.088885665,0.22117026,0.3044314,0.358364,0.4784089,0.6427862,0.8383031,0.9826236,,,,,,,,,,,,,,,
1,a073d179-b2be-474c-ae3d-67bcd1a2fedf,2,kindlmann,Complex,5,0.8248171,0.7467095,0.49557292,0.1615855,,,,,,,,,,,,,,,,,,,,
1,a073d179-b2be-474c-ae3d-67bcd1a2fedf,2,kindlmann,2D,7,0.16480486,0.23652084,0.50975853,0.88112473,0.97093517,0.85258526,,,,,,,,,,,,,,,,,,
1,a073d179-b2be-474c-ae3d-67bcd1a2fedf,2,kindlmann,1D,7,0.10546875,0.13411458,0.44921875,0.7083333,0.8177083,0.079427086,,,,,,,,,,,,,,,,,,
1,a073d179-b2be-474c-ae3d-67bcd1a2fedf,3,gray,2D,5,0.082720734,0.6263549,0.83092505,0.95982176,,,,,,,,,,,,,,,,,,,,
1,a073d179-b2be-474c-ae3d-67bcd1a2fedf,3,gray,Complex,4,0.915962,0.77429533,0.51303613,0.2682269,,,,,,,,,,,,,,,,,,,,
1,a073d179-b2be-474c-ae3d-67bcd1a2fedf,3,gray,1D,4,0.5911458,0.26041666,0.8489583,,,,,,,,,,,,,,,,,,,,,
3,6b494de6-90ac-4d6b-8311-eff79d51d845,0,default,2D,7,0.8867714,0.76264745,0.6775089,0.2956618,0.24557996,0.998276,,,,,,,,,,,,,,,,,,
3,6b494de6-90ac-4d6b-8311-eff79d51d845,0,default,1D,7,0.09765625,0.22005208,0.3033854,0.7239583,0.76692706,0.859375,,,,,,,,,,,,,,,,,,
3,6b494de6-90ac-4d6b-8311-eff79d51d845,0,default,Complex,5,0.22692752,0.30850184,0.69568014,0.7464614,0.8262255,,,,,,,,,,,,,,,,,,,
3,6b494de6-90ac-4d6b-8311-eff79d51d845,1,kindlmann,2D,6,0.88674074,0.78756136,0.6174072,0.2761522,0.1887976,0.97325134,,,,,,,,,,,,,,,,,,
3,6b494de6-90ac-4d6b-8311-eff79d51d845,1,kindlmann,Complex,3,0.56910473,0.73103553,0.8166913,0.19178,,,,,,,,,,,,,,,,,,,,
3,6b494de6-90ac-4d6b-8311-eff79d51d845,1,kindlmann,1D,5,0.12630208,0.390625,0.71484375,0.81901044,,,,,,,,,,,,,,,,,,,,
3,6b494de6-90ac-4d6b-8311-eff79d51d845,2,jet,1D,6,0.19921875,0.3606771,0.4830729,0.6458333,0.76953125,0.99869794,,,,,,,,,,,,,,,,,,
3,6b494de6-90ac-4d6b-8311-eff79d51d845,2,jet,2D,6,0.9735718,0.8025651,0.6742428,0.55552435,0.3612196,0.21752197,,,,,,,,,,,,,,,,,,
3,6b494de6-90ac-4d6b-8311-eff79d51d845,2,jet,Complex,5,0.13375843,0.31787685,0.46668318,0.656836,0.7751225,,,,,,,,,,,,,,,,,,,
3,6b494de6-90ac-4d6b-8311-eff79d51d845,3,gray,1D,3,0.1875,0.58723956,,,,,,,,,,,,,,,,,,,,,,
3,6b494de6-90ac-4d6b-8311-eff79d51d845,3,gray,Complex,3,0.1671665,0.4866979,,,,,,,,,,,,,,,,,,,,,,
3,6b494de6-90ac-4d6b-8311-eff79d51d845,3,gray,2D,3,0.7063055,0.22644274,,,,,,,,,,,,,,,,,,,,,,
23,fcf08809-e1b8-4e1c-8293-4e907cb62047,0,gray,Complex,4,0.1163129,0.30588236,0.40067402,0.6014553,,,,,,,,,,,,,,,,,,,,
23,fcf08809-e1b8-4e1c-8293-4e907cb62047,0,gray,1D,5,0.092447914,0.2591146,0.4283854,0.5677083,0.64973956,,,,,,,,,,,,,,,,,,,
23,fcf08809-e1b8-4e1c-8293-4e907cb62047,0,gray,2D,4,0.42849424,0.5326906,0.630402,0.7450147,,,,,,,,,,,,,,,,,,,,
23,fcf08809-e1b8-4e1c-8293-4e907cb62047,1,kindlmann,Complex,7,0.97090304,0.90544575,0.79283625,0.6436581,0.38267815,0.2026348,0.06271446,,,,,,,,,,,,,,,,,
23,fcf08809-e1b8-4e1c-8293-4e907cb62047,1,kindlmann,2D,9,0.013278697,0.058230937,0.14742896,0.21003537,0.3525642,0.57895726,0.7013335,1,0.92660403,0.8281291,,,,,,,,,,,,,,
23,fcf08809-e1b8-4e1c-8293-4e907cb62047,1,kindlmann,1D,9,0.078125,0.16276042,0.33984375,0.4518229,0.5807292,0.79817706,0.89973956,0.9895833,0.23958333,,,,,,,,,,,,,,,
23,fcf08809-e1b8-4e1c-8293-4e907cb62047,2,default,1D,5,0.057291668,0.2669271,0.58203125,0.75130206,0.9427083,,,,,,,,,,,,,,,,,,,
23,fcf08809-e1b8-4e1c-8293-4e907cb62047,2,default,2D,5,0.049410585,0.24456994,0.49438033,0.72686577,1,,,,,,,,,,,,,,,,,,,
23,fcf08809-e1b8-4e1c-8293-4e907cb62047,2,default,Complex,6,0.9695619,0.75960475,0.57621783,0.38039216,0.30056342,0.04633885,,,,,,,,,,,,,,,,,,
23,fcf08809-e1b8-4e1c-8293-4e907cb62047,3,jet,2D,7,0.026557393,0.11200944,0.28102085,0.3633256,1,0.63661623,0.858388,,,,,,,,,,,,,,,,,
23,fcf08809-e1b8-4e1c-8293-4e907cb62047,3,jet,Complex,6,0.9483303,0.79098684,0.69874245,0.6270924,0.40860906,0.29915306,0.065174654,,,,,,,,,,,,,,,,,
23,fcf08809-e1b8-4e1c-8293-4e907cb62047,3,jet,1D,5,0.11328125,0.390625,0.5416667,0.66276044,0.9375,,,,,,,,,,,,,,,,,,,
12,2652ec50-3918-492f-9d65-6210c2ca3031,0,jet,2D,12,0.037285995,0.081731014,0.21526553,0.28596073,0.3442724,0.36888278,0.51691234,0.630402,0.798987,0.8636926,1,0.013020833,,,,,,,,,,,,
12,2652ec50-3918-492f-9d65-6210c2ca3031,0,jet,1D,16,0.94921875,0.8958333,0.85546875,0.80598956,0.7630208,0.66015625,0.5208333,0.37109375,0.34375,0.20833333,0.19401042,0.0390625,,,,,,,,,,,,
12,2652ec50-3918-492f-9d65-6210c2ca3031,0,jet,Complex,8,0.21133794,0.057733633,0.34659925,0.5151277,0.67250305,0.7210172,0.7796319,0.86731005,0.9081035,0.97895527,,,,,,,,,,,,,,
12,2652ec50-3918-492f-9d65-6210c2ca3031,1,gray,2D,18,0.94098383,0.9060479,0.871011,0.847055,0.8139177,0.7807985,0.74426335,0.709811,0.6656741,0.6191841,0.53035563,0.46985546,0.4243114,0.36667,0.31146747,0.24936171,0.18506081,0.12527098,0.07254369,0.024567658,0.009389456,,,
12,2652ec50-3918-492f-9d65-6210c2ca3031,1,gray,Complex,9,0.2039352,0.33967328,0.40643382,0.5296827,0.5939377,0.6543352,0.6896906,0.78452194,0.8849265,0.95923716,,,,,,,,,,,,,,
12,2652ec50-3918-492f-9d65-6210c2ca3031,1,gray,1D,22,0.06640625,0.08984375,0.11328125,0.1328125,0.14973958,0.17057292,0.22265625,0.25,0.27864584,0.32552084,0.3815104,0.4765625,0.57942706,0.6927083,0.75911456,0.80859375,0.8515625,0.89192706,0.92578125,0.19270833,,,,
12,2652ec50-3918-492f-9d65-6210c2ca3031,2,kindlmann,Complex,16,0.10632121,0.16277957,0.20033935,0.22348908,0.32174528,0.40648222,0.5033757,0.63361,0.7166513,0.81112134,0.8519914,0.9119332,0.9567142,,,,,,,,,,,
12,2652ec50-3918-492f-9d65-6210c2ca3031,2,kindlmann,1D,11,0.111979164,0.18489583,0.22135417,0.29947916,0.3841146,0.42578125,0.5078125,0.6171875,0.7135417,0.81380206,0.85546875,0.92317706,,,,,,,,,,,,
12,2652ec50-3918-492f-9d65-6210c2ca3031,2,kindlmann,2D,22,0.9661599,0.8958674,0.8219478,0.76999265,0.72634315,0.666224,0.6406991,0.6094529,0.56582373,0.40965784,0.30065438,0.18496917,0.13541667,0.07107992,0.033954177,0.015840529,,,,,,,,
12,2652ec50-3918-492f-9d65-6210c2ca3031,3,default,Complex,11,0.10416589,0.2169357,0.2999081,0.3890625,0.6385876,0.6889399,0.749843,0.8672028,0.9219822,0.9753983,,,,,,,,,,,,,,
12,2652ec50-3918-492f-9d65-6210c2ca3031,3,default,2D,9,0.944925,0.7774212,0.7432148,0.6632245,0.5198428,0.3276079,0.23686467,0.15106411,0.08869472,0.03617824,,,,,,,,,,,,,,
12,2652ec50-3918-492f-9d65-6210c2ca3031,3,default,1D,15,0.059895832,0.087239586,0.18489583,0.23567708,0.26302084,0.35416666,0.60546875,0.6614583,0.75390625,0.796875,0.87630206,0.91796875,0.9713542,,,,,,,,,,,
9,4fab10b4-832f-4a50-a4be-9f59530cb913,0,jet,2D,14,0.9968381,0.8760612,0.8284566,0.65065616,0.61398715,0.49948433,0.43861464,0.3477123,0.20094316,0.12929367,0.10259227,0.052666012,0.010737254,0.073702976,,,,,,,,,,
9,4fab10b4-832f-4a50-a4be-9f59530cb913,0,jet,1D,10,0.069010414,0.20703125,0.359375,0.38020834,0.49739584,0.6536458,0.89973956,0.8802083,0.7890625,0.63151044,,,,,,,,,,,,,,
9,4fab10b4-832f-4a50-a4be-9f59530cb913,0,jet,Complex,12,0.19270833,0.02745098,0.062261306,0.34993872,0.5304156,0.46789217,0.6162848,0.91939336,0.79709077,0.74327344,0.6596201,0.2718884,,,,,,,,,,,,
9,4fab10b4-832f-4a50-a4be-9f59530cb913,1,kindlmann,2D,12,0.8813402,0.98229223,0.17915833,0.27631178,0.6217635,0.52190644,0.05995242,0.11981997,0.81208676,0.7064207,,,,,,,,,,,,,,
9,4fab10b4-832f-4a50-a4be-9f59530cb913,1,kindlmann,Complex,9,0.07642834,0.121343754,0.21723753,0.31873977,0.4052197,0.47310048,0.5523545,0.735386,0.8124081,0.8771866,0.93986577,0.14114775,,,,,,,,,,,,
9,4fab10b4-832f-4a50-a4be-9f59530cb913,1,kindlmann,1D,8,0.7421875,0.5286458,0.38802084,0.1796875,0.108072914,0.93880206,0.8229167,,,,,,,,,,,,,,,,,
9,4fab10b4-832f-4a50-a4be-9f59530cb913,2,default,Complex,8,0.08284625,0.2255048,0.34094,0.45021448,0.59684116,0.73563963,0.7760417,0.8859988,,,,,,,,,,,,,,,,
9,4fab10b4-832f-4a50-a4be-9f59530cb913,2,default,1D,7,0.08984375,0.2265625,0.2578125,0.37890625,0.7369792,0.7604167,0.8828125,,,,,,,,,,,,,,,,,
9,4fab10b4-832f-4a50-a4be-9f59530cb913,2,default,2D,9,0.9591327,0.7697284,0.741895,0.6057137,0.3448235,0.2673174,0.22918147,0.1015625,,,,,,,,,,,,,,,,
9,4fab10b4-832f-4a50-a4be-9f59530cb913,3,gray,1D,3,0.7526042,0.23697917,,,,,,,,,,,,,,,,,,,,,,
9,4fab10b4-832f-4a50-a4be-9f59530cb913,3,gray,Complex,8,0.1293487,0.24188113,0.2944793,0.5308237,0.60309434,0.6881179,0.7946978,0.9427347,0.41727942,0.34810355,,,,,,,,,,,,,,
9,4fab10b4-832f-4a50-a4be-9f59530cb913,3,gray,2D,4,0.90059376,0.6510417,0.08177249,,,,,,,,,,,,,,,,,,,,,
5,2662da1b-af52-462a-8a78-0b45337d79db,0,default,Complex,5,0.8604473,0.7418505,0.41315368,0.21823084,,,,,,,,,,,,,,,,,,,,
5,2662da1b-af52-462a-8a78-0b45337d79db,0,default,1D,5,0.1640625,0.34635416,0.6744792,0.83463544,,,,,,,,,,,,,,,,,,,,
5,2662da1b-af52-462a-8a78-0b45337d79db,0,default,2D,5,0.15140043,0.26972932,0.6126437,0.9157562,,,,,,,,,,,,,,,,,,,,
5,2662da1b-af52-462a-8a78-0b45337d79db,1,gray,Complex,4,0.56079185,0.20509428,0.7781592,,,,,,,,,,,,,,,,,,,,,
5,2662da1b-af52-462a-8a78-0b45337d79db,1,gray,2D,4,0.13604122,0.5684306,0.8605146,,,,,,,,,,,,,,,,,,,,,
5,2662da1b-af52-462a-8a78-0b45337d79db,1,gray,1D,6,0.9453125,0.67317706,0.4856771,0.2513021,0.091145836,,,,,,,,,,,,,,,,,,,
5,2662da1b-af52-462a-8a78-0b45337d79db,2,jet,1D,6,0.19140625,0.37890625,0.5286458,0.640625,0.7734375,,,,,,,,,,,,,,,,,,,
5,2662da1b-af52-462a-8a78-0b45337d79db,2,jet,2D,7,0.18895917,0.35520872,0.50341314,0.6471394,0.8015166,0.9970116,,,,,,,,,,,,,,,,,,
5,2662da1b-af52-462a-8a78-0b45337d79db,2,jet,Complex,6,0.73299825,0.631113,0.534195,0.32561275,0.17853095,,,,,,,,,,,,,,,,,,,
5,2662da1b-af52-462a-8a78-0b45337d79db,3,kindlmann,1D,6,0.8255208,0.7239583,0.44270834,0.19270833,0.111979164,,,,,,,,,,,,,,,,,,,
5,2662da1b-af52-462a-8a78-0b45337d79db,3,kindlmann,Complex,5,0.8208027,0.7277267,0.16217831,0.4757353,,,,,,,,,,,,,,,,,,,,
5,2662da1b-af52-462a-8a78-0b45337d79db,3,kindlmann,2D,5,0.17959313,0.28108117,0.53084135,0.89076203,,,,,,,,,,,,,,,,,,,,
20,abedf692-97de-4b86-b749-4e626eaf2065,0,gray,Complex,3,0.5737439,0.123303466,0.4892614,0.4186375,0.45104375,0.8940334,0.857937,0.7745864,0.9790641,,,,,,,,,,,,,,,
20,abedf692-97de-4b86-b749-4e626eaf2065,0,gray,1D,3,0.60286456,0.22916667,,,,,,,,,,,,,,,,,,,,,,
20,abedf692-97de-4b86-b749-4e626eaf2065,0,gray,2D,3,0.20912933,0.9138214,0.39791802,0.65053105,,,,,,,,,,,,,,,,,,,,
20,abedf692-97de-4b86-b749-4e626eaf2065,1,default,2D,5,0.097855695,0.23895979,0.6110698,0.75499725,0.92778534,,,,,,,,,,,,,,,,,,,
20,abedf692-97de-4b86-b749-4e626eaf2065,1,default,Complex,4,0.8231387,0.76171875,0.37447917,0.2391635,,,,,,,,,,,,,,,,,,,,
20,abedf692-97de-4b86-b749-4e626eaf2065,1,default,1D,5,0.24739583,0.37890625,0.74609375,0.87630206,,,,,,,,,,,,,,,,,,,,
20,abedf692-97de-4b86-b749-4e626eaf2065,2,kindlmann,1D,5,0.114583336,0.421875,0.7109375,0.82421875,,,,,,,,,,,,,,,,,,,,
20,abedf692-97de-4b86-b749-4e626eaf2065,2,kindlmann,2D,5,0.8868899,0.5748842,0.2691882,0.18570101,0.95004624,,,,,,,,,,,,,,,,,,,
20,abedf692-97de-4b86-b749-4e626eaf2065,2,kindlmann,Complex,5,0.15325461,0.43137255,0.5865196,0.72132355,0.81864685,,,,,,,,,,,,,,,,,,,
20,abedf692-97de-4b86-b749-4e626eaf2065,3,jet,1D,6,0.19140625,0.3658854,0.5052083,0.64713544,0.78255206,0.90755206,,,,,,,,,,,,,,,,,,
20,abedf692-97de-4b86-b749-4e626eaf2065,3,jet,Complex,7,0.19174518,0.35680768,0.5205882,0.6778956,0.80177695,0.91420335,,,,,,,,,,,,,,,,,,
20,abedf692-97de-4b86-b749-4e626eaf2065,3,jet,2D,8,0.9961541,0.7803163,0.6209941,0.45954505,0.3458741,0.21474509,0.080771156,0.005823094,,,,,,,,,,,,,,,,
2,c543e2b7-71ab-4c1f-9e44-efdaa6ee4ed4,0,default,2D,7,0.95347,0.76048803,0.6588593,0.32851747,0.23949839,0.14731391,,,,,,,,,,,,,,,,,,
2,c543e2b7-71ab-4c1f-9e44-efdaa6ee4ed4,0,default,1D,5,0.13802083,0.3515625,0.65234375,0.8515625,,,,,,,,,,,,,,,,,,,,
2,c543e2b7-71ab-4c1f-9e44-efdaa6ee4ed4,0,default,Complex,5,0.17791915,0.3674479,0.6627451,0.80456495,,,,,,,,,,,,,,,,,,,,
2,c543e2b7-71ab-4c1f-9e44-efdaa6ee4ed4,1,jet,Complex,6,0.17253754,0.36110517,0.53416914,0.65966606,0.82059085,,,,,,,,,,,,,,,,,,,
2,c543e2b7-71ab-4c1f-9e44-efdaa6ee4ed4,1,jet,2D,8,0.9843061,0.8092634,0.6263224,0.46257508,0.34489235,0.18672074,0.078125,,,,,,,,,,,,,,,,,
2,c543e2b7-71ab-4c1f-9e44-efdaa6ee4ed4,1,jet,1D,9,0.0703125,0.1640625,0.3268229,0.4674479,0.56640625,0.6666667,0.7942708,0.92838544,,,,,,,,,,,,,,,,
2,c543e2b7-71ab-4c1f-9e44-efdaa6ee4ed4,2,gray,1D,5,0.091145836,0.2890625,0.5390625,0.8359375,,,,,,,,,,,,,,,,,,,,
2,c543e2b7-71ab-4c1f-9e44-efdaa6ee4ed4,2,gray,2D,5,0.95621157,0.6263549,0.40267017,0.17084605,,,,,,,,,,,,,,,,,,,,
2,c543e2b7-71ab-4c1f-9e44-efdaa6ee4ed4,2,gray,Complex,4,0.19984819,0.51934373,0.7410472,,,,,,,,,,,,,,,,,,,,,
2,c543e2b7-71ab-4c1f-9e44-efdaa6ee4ed4,3,kindlmann,1D,8,0.110677086,0.2591146,0.40625,0.5364583,0.7109375,0.8333333,0.9609375,,,,,,,,,,,,,,,,,
2,c543e2b7-71ab-4c1f-9e44-efdaa6ee4ed4,3,kindlmann,Complex,5,0.13499373,0.4611979,0.6961311,0.82679325,,,,,,,,,,,,,,,,,,,,
2,c543e2b7-71ab-4c1f-9e44-efdaa6ee4ed4,3,kindlmann,2D,9,0.9667072,0.8233986,0.6150301,0.52645403,0.2882637,0.14943923,0.035420496,,,,,,,,,,,,,,,,,
13,cfd3daa0-df19-4714-a47b-bf8d39aa74c5,0,kindlmann,1D,12,0.110677086,0.15234375,0.19140625,0.2109375,0.25260416,0.3125,0.38802084,0.4309896,0.4765625,0.61588544,0.70963544,0.74609375,0.8151042,0.8619792,0.92317706,,,,,,,,,
13,cfd3daa0-df19-4714-a47b-bf8d39aa74c5,0,kindlmann,2D,14,0.98760766,0.9666757,0.88052034,0.8364687,0.77862406,0.7036071,0.64153475,0.5735082,0.5310521,0.38319317,0.2960973,0.2581411,0.17656557,0.13841335,0.06654652,,,,,,,,,
13,cfd3daa0-df19-4714-a47b-bf8d39aa74c5,0,kindlmann,Complex,12,0.02745098,0.039215688,0.10394766,0.12480367,0.15951957,0.25491345,0.3569233,0.44567463,0.3242692,0.2889209,0.3111388,0.391825,0.47163782,0.52200884,0.5503009,0.6108988,0.7141544,0.7575674,0.8107711,0.83449435,0.19551164,0.907644,0.8709099,0.960432
13,cfd3daa0-df19-4714-a47b-bf8d39aa74c5,1,default,1D,11,0.076822914,0.14453125,0.19401042,0.22916667,0.2825521,0.32421875,0.35546875,0.38541666,0.6458333,0.6822917,0.7135417,0.77213544,0.859375,0.8984375,,,,,,,,,,
13,cfd3daa0-df19-4714-a47b-bf8d39aa74c5,1,default,Complex,8,0.12461703,0.16522671,0.20136294,0.27722,0.30588236,0.40505514,0.3499136,0.6256434,0.6943934,0.7318935,0.7621892,0.8032476,0.8672028,0.94565386,,,,,,,,,,
13,cfd3daa0-df19-4714-a47b-bf8d39aa74c5,1,default,2D,9,0.9613044,0.9158562,0.7685778,0.7454288,0.6721828,0.6136668,0.37946737,0.30388516,0.2614822,0.2449163,0.2118358,0.13443656,,,,,,,,,,,,
13,cfd3daa0-df19-4714-a47b-bf8d39aa74c5,2,jet,2D,9,0.984313,0.9417619,0.87220925,0.81779957,0.6336425,0.5001085,0.34479403,0.19383119,0.07605772,0.020339193,,,,,,,,,,,,,,
13,cfd3daa0-df19-4714-a47b-bf8d39aa74c5,2,jet,1D,7,0.065104164,0.12630208,0.20182292,0.33072916,0.3606771,0.45703125,0.50130206,0.54557294,0.65234375,0.71223956,0.76692706,0.81119794,,,,,,,,,,,,
13,cfd3daa0-df19-4714-a47b-bf8d39aa74c5,2,jet,Complex,7,0.17485878,0.2253217,0.32725257,0.3655484,0.49464375,0.65357774,0.74954045,0.80859375,0.95415586,0.98097426,,,,,,,,,,,,,,
13,cfd3daa0-df19-4714-a47b-bf8d39aa74c5,3,gray,Complex,8,0.11808903,0.16299833,0.2083462,0.26150858,0.30461738,0.4405416,0.3490865,0.5416667,0.59690166,0.6632468,0.78510296,0.93553346,,,,,,,,,,,,
13,cfd3daa0-df19-4714-a47b-bf8d39aa74c5,3,gray,1D,8,0.09765625,0.140625,0.20052083,0.27083334,0.3424479,0.40364584,0.44791666,0.5208333,0.57942706,0.6354167,0.6979167,0.7526042,0.8046875,0.8671875,0.9166667,0.97005206,,,,,,,,
13,cfd3daa0-df19-4714-a47b-bf8d39aa74c5,3,gray,2D,8,0.9561584,0.86427736,0.7837157,0.6821973,0.57375056,0.46731552,0.34081766,0.16540046,0.05056377,,,,,,,,,,,,,,,
15,c87fc0cb-ea62-4c15-84ad-a3b7679a4c73,0,kindlmann,2D,5,0.27114615,0.17623879,0.5668775,0.8133342,0.8960831,,,,,,,,,,,,,,,,,,,
15,c87fc0cb-ea62-4c15-84ad-a3b7679a4c73,0,kindlmann,1D,8,0.037760418,0.108072914,0.1875,0.3736979,0.4921875,0.71744794,0.8151042,0.9270833,,,,,,,,,,,,,,,,
15,c87fc0cb-ea62-4c15-84ad-a3b7679a4c73,0,kindlmann,Complex,5,0.45932534,0.041865807,0.03639706,0.07718195,0.1390105,0.839725,0.7178462,,,,,,,,,,,,,,,,,
15,c87fc0cb-ea62-4c15-84ad-a3b7679a4c73,1,jet,2D,8,0.99813324,0.8077872,0.62567776,0.50660914,0.34957966,0.23776484,0.103709936,,,,,,,,,,,,,,,,,
15,c87fc0cb-ea62-4c15-84ad-a3b7679a4c73,1,jet,Complex,8,0.19943088,0.3508119,0.52329576,0.6483927,0.7660501,0.8857384,0.9701222,0.4371144,,,,,,,,,,,,,,,,
15,c87fc0cb-ea62-4c15-84ad-a3b7679a4c73,1,jet,1D,9,0.20963542,0.3528646,0.38671875,0.5208333,0.6380208,0.76953125,0.92317706,0.6380208,,,,,,,,,,,,,,,,
15,c87fc0cb-ea62-4c15-84ad-a3b7679a4c73,2,default,Complex,7,0.23565362,0.34830347,0.60973537,0.70237684,0.7623315,0.8790901,,,,,,,,,,,,,,,,,,
15,c87fc0cb-ea62-4c15-84ad-a3b7679a4c73,2,default,1D,7,0.104166664,0.22916667,0.3372396,0.51953125,0.6744792,0.77734375,0.89453125,,,,,,,,,,,,,,,,,
15,c87fc0cb-ea62-4c15-84ad-a3b7679a4c73,2,default,2D,9,0.9223898,0.7843731,0.69283074,0.6025987,0.3870496,0.28531972,0.2044727,0.11529138,,,,,,,,,,,,,,,,
15,c87fc0cb-ea62-4c15-84ad-a3b7679a4c73,3,gray,Complex,4,0.14996937,0.56313956,0.9262561,,,,,,,,,,,,,,,,,,,,,
15,c87fc0cb-ea62-4c15-84ad-a3b7679a4c73,3,gray,2D,4,1,0.8271622,0.16674803,,,,,,,,,,,,,,,,,,,,,
15,c87fc0cb-ea62-4c15-84ad-a3b7679a4c73,3,gray,1D,4,0.17317708,0.48046875,0.7734375,,,,,,,,,,,,,,,,,,,,,
8,7353e253-53db-4bca-8ac6-eb32908cfe91,0,jet,Complex,6,0.20985214,0.3466912,0.54209334,0.66199446,0.7565995,0.6028952,,,,,,,,,,,,,,,,,,
8,7353e253-53db-4bca-8ac6-eb32908cfe91,0,jet,1D,8,0.78125,0.64713544,0.54557294,0.89192706,0.3763021,0.21614583,0.09375,,,,,,,,,,,,,,,,,
8,7353e253-53db-4bca-8ac6-eb32908cfe91,0,jet,2D,9,1,0.79462934,0.63540065,0.51290846,0.4302632,0.34892917,0.21196382,0.08022355,,,,,,,,,,,,,,,,
8,7353e253-53db-4bca-8ac6-eb32908cfe91,1,default,Complex,6,0.21580882,0.36648858,0.65832996,0.7700674,0.89798546,,,,,,,,,,,,,,,,,,,
8,7353e253-53db-4bca-8ac6-eb32908cfe91,1,default,2D,7,0.92500716,0.7675579,0.33564463,0.2118358,0.10186254,0.61657184,,,,,,,,,,,,,,,,,,
8,7353e253-53db-4bca-8ac6-eb32908cfe91,1,default,1D,7,0.89713544,0.7994792,0.70703125,0.3815104,0.23697917,0.098958336,,,,,,,,,,,,,,,,,,
8,7353e253-53db-4bca-8ac6-eb32908cfe91,2,gray,1D,5,0.6145833,0.40234375,0.18880208,0.81119794,,,,,,,,,,,,,,,,,,,,
8,7353e253-53db-4bca-8ac6-eb32908cfe91,2,gray,Complex,5,0.22107843,0.32992184,0.50821316,0.65825677,0.9209559,,,,,,,,,,,,,,,,,,,
8,7353e253-53db-4bca-8ac6-eb32908cfe91,2,gray,2D,4,0.8825974,0.6832898,0.3774964,0.21021287,,,,,,,,,,,,,,,,,,,,
8,7353e253-53db-4bca-8ac6-eb32908cfe91,3,kindlmann,1D,8,0.92057294,0.8177083,0.7135417,0.5338542,0.18098958,0.115885414,0.44010416,,,,,,,,,,,,,,,,,
8,7353e253-53db-4bca-8ac6-eb32908cfe91,3,kindlmann,2D,8,0.9675522,0.94687515,0.8912568,0.82917255,0.5954437,0.2752174,0.18593824,0.065104164,,,,,,,,,,,,,,,,
8,7353e253-53db-4bca-8ac6-eb32908cfe91,3,kindlmann,Complex,8,0.14853492,0.3160288,0.47304848,0.57254905,0.7240502,0.8120357,0.9266918,,,,,,,,,,,,,,,,,
24,e33b1151-fac9-4bad-a408-084ac548a88d,0,gray,2D,2,0.3923227,0.674097,,,,,,,,,,,,,,,,,,,,,,
24,e33b1151-fac9-4bad-a408-084ac548a88d,0,gray,1D,4,0.2903646,0.38541666,0.47916666,0.6015625,,,,,,,,,,,,,,,,,,,,
24,e33b1151-fac9-4bad-a408-084ac548a88d,0,gray,Complex,3,0.2127098,0.5489988,,,,,,,,,,,,,,,,,,,,,,
24,e33b1151-fac9-4bad-a408-084ac548a88d,1,kindlmann,2D,7,0.97573227,1,0.8248592,0.9569914,0.8759373,0.563584,0.26444796,0.14703743,,,,,,,,,,,,,,,,
24,e33b1151-fac9-4bad-a408-084ac548a88d,1,kindlmann,Complex,5,0.1339614,0.4524663,0.78094023,0.87950367,,,,,,,,,,,,,,,,,,,,
24,e33b1151-fac9-4bad-a408-084ac548a88d,1,kindlmann,1D,6,0.052083332,0.11328125,0.3828125,0.45833334,0.71223956,0.83463544,,,,,,,,,,,,,,,,,,
24,e33b1151-fac9-4bad-a408-084ac548a88d,2,jet,Complex,6,0.2011872,0.3309531,0.5643046,0.6759976,0.7845339,,,,,,,,,,,,,,,,,,,
24,e33b1151-fac9-4bad-a408-084ac548a88d,2,jet,1D,7,0.16927083,0.3450521,0.4596354,0.6432292,0.7682292,0.8880208,,,,,,,,,,,,,,,,,,
24,e33b1151-fac9-4bad-a408-084ac548a88d,2,jet,2D,9,0.87458134,1,0.78623843,0.63495755,0.45787442,0.3413048,0.09916371,0.16513373,,,,,,,,,,,,,,,,
24,e33b1151-fac9-4bad-a408-084ac548a88d,3,default,1D,6,0.092447914,0.23828125,0.3971354,0.7161458,0.7708333,0.87890625,,,,,,,,,,,,,,,,,,
24,e33b1151-fac9-4bad-a408-084ac548a88d,3,default,Complex,7,0.08912378,0.21447611,0.2904412,0.6796208,0.7531097,0.90354204,,,,,,,,,,,,,,,,,,
24,e33b1151-fac9-4bad-a408-084ac548a88d,3,default,2D,7,0.9420102,0.777395,0.65394145,0.30955645,0.23573102,,,,,,,,,,,,,,,,,,,
19,f103a640-9207-4839-a512-8188723438e3,0,gray,1D,3,0.16015625,0.7994792,,,,,,,,,,,,,,,,,,,,,,
19,f103a640-9207-4839-a512-8188723438e3,0,gray,2D,3,0.22063302,0.6640676,0.9915038,,,,,,,,,,,,,,,,,,,,,
19,f103a640-9207-4839-a512-8188723438e3,0,gray,Complex,3,0.7930437,0.5698165,0.15263744,,,,,,,,,,,,,,,,,,,,,
19,f103a640-9207-4839-a512-8188723438e3,1,default,1D,7,0.13932292,0.015625,0.23958333,0.7552083,0.82161456,0.5390625,0.95963544,,,,,,,,,,,,,,,,,
19,f103a640-9207-4839-a512-8188723438e3,1,default,Complex,7,0.03529412,0.08803615,0.26187122,0.46960783,0.7170439,0.7960401,0.9780974,,,,,,,,,,,,,,,,,
19,f103a640-9207-4839-a512-8188723438e3,1,default,2D,7,1,0.8856043,0.762434,0.56366825,0.33302802,0.22246961,0.04752158,,,,,,,,,,,,,,,,,
19,f103a640-9207-4839-a512-8188723438e3,2,jet,2D,9,1,0.9588745,0.8930014,0.73714477,0.6199886,0.401498,0.30796406,0.17696841,0.019832743,0.5261448,,,,,,,,,,,,,,
19,f103a640-9207-4839-a512-8188723438e3,2,jet,1D,9,0.016927084,0.092447914,0.2643229,0.4908854,0.3971354,0.60026044,0.72786456,0.8359375,0.9635417,,,,,,,,,,,,,,,
19,f103a640-9207-4839-a512-8188723438e3,2,jet,Complex,9,0.03746936,0.11299019,0.34422034,0.49566483,0.5996649,0.6627451,0.84253985,0.97182435,0.2767888,,,,,,,,,,,,,,,
19,f103a640-9207-4839-a512-8188723438e3,3,kindlmann,2D,7,1,0.929454,0.8215723,0.6942778,0.50100946,0.23434608,0.0634156,,,,,,,,,,,,,,,,,
19,f103a640-9207-4839-a512-8188723438e3,3,kindlmann,Complex,7,0.03137255,0.09507937,0.19567943,0.3123217,0.5273859,0.78494847,0.97130245,,,,,,,,,,,,,,,,,
19,f103a640-9207-4839-a512-8188723438e3,3,kindlmann,1D,7,0.0234375,0.0859375,0.17057292,0.29296875,0.60807294,0.8046875,0.9296875,,,,,,,,,,,,,,,,,
7,d271f650-f6f6-4343-829e-83fbb2b2e7e0,0,jet,1D,6,0.1484375,0.3216146,0.52213544,0.68880206,0.83723956,,,,,,,,,,,,,,,,,,,
7,d271f650-f6f6-4343-829e-83fbb2b2e7e0,0,jet,2D,9,1,0.8821977,0.801652,0.658159,0.48716712,0.37417626,0.2984016,0.2085448,,,,,,,,,,,,,,,,
7,d271f650-f6f6-4343-829e-83fbb2b2e7e0,0,jet,Complex,7,0.2794424,0.21589619,0.38714564,0.58496606,0.5281556,0.70750463,0.84480697,0.9550551,,,,,,,,,,,,,,,,
7,d271f650-f6f6-4343-829e-83fbb2b2e7e0,1,default,1D,8,0.084635414,0.20052083,0.2877604,0.4075521,0.6302083,0.8723958,0.7135417,0.79296875,,,,,,,,,,,,,,,,
7,d271f650-f6f6-4343-829e-83fbb2b2e7e0,1,default,Complex,6,0.26232454,0.4399639,0.7570466,0.86099875,0.924471,,,,,,,,,,,,,,,,,,,
7,d271f650-f6f6-4343-829e-83fbb2b2e7e0,1,default,2D,7,0.9527158,0.7864626,0.30014643,0.22895943,0.6547809,0.12352648,,,,,,,,,,,,,,,,,,
7,d271f650-f6f6-4343-829e-83fbb2b2e7e0,2,kindlmann,2D,7,0.99568087,0.89882994,0.94335914,0.8117819,0.5973484,0.43714333,0.25021693,0.18838406,,,,,,,,,,,,,,,,
7,d271f650-f6f6-4343-829e-83fbb2b2e7e0,2,kindlmann,1D,7,0.1171875,0.19140625,0.3111979,0.45703125,0.70703125,0.8151042,,,,,,,,,,,,,,,,,,
7,d271f650-f6f6-4343-829e-83fbb2b2e7e0,2,kindlmann,Complex,6,0.8054101,0.7255821,0.5203924,0.33093885,0.15556066,,,,,,,,,,,,,,,,,,,
7,d271f650-f6f6-4343-829e-83fbb2b2e7e0,3,gray,2D,3,0.92571074,0.54442656,,,,,,,,,,,,,,,,,,,,,,
7,d271f650-f6f6-4343-829e-83fbb2b2e7e0,3,gray,Complex,3,0.16909683,0.32622787,0.57196736,,,,,,,,,,,,,,,,,,,,,
7,d271f650-f6f6-4343-829e-83fbb2b2e7e0,3,gray,1D,4,0.17057292,0.4140625,0.6744792,,,,,,,,,,,,,,,,,,,,,
10,5a3bc91c-18be-4072-9ced-32b3b5ce5df1,0,jet,1D,4,0.37239584,0.5416667,0.70442706,,,,,,,,,,,,,,,,,,,,,
10,5a3bc91c-18be-4072-9ced-32b3b5ce5df1,0,jet,2D,4,0.43807316,0.32074624,0.6209122,,,,,,,,,,,,,,,,,,,,,
10,5a3bc91c-18be-4072-9ced-32b3b5ce5df1,0,jet,Complex,3,0.752114,0.5111826,,,,,,,,,,,,,,,,,,,,,,
10,5a3bc91c-18be-4072-9ced-32b3b5ce5df1,1,kindlmann,Complex,3,0.81030935,0.5035005,,,,,,,,,,,,,,,,,,,,,,
10,5a3bc91c-18be-4072-9ced-32b3b5ce5df1,1,kindlmann,2D,4,0.16945101,0.2754145,0.49752533,,,,,,,,,,,,,,,,,,,,,
10,5a3bc91c-18be-4072-9ced-32b3b5ce5df1,1,kindlmann,1D,5,0.115885414,0.4466146,0.81380206,0.71875,,,,,,,,,,,,,,,,,,,,
10,5a3bc91c-18be-4072-9ced-32b3b5ce5df1,2,gray,2D,3,0.29047844,0.7960746,,,,,,,,,,,,,,,,,,,,,,
10,5a3bc91c-18be-4072-9ced-32b3b5ce5df1,2,gray,1D,4,0.7552083,0.3984375,0.14583333,,,,,,,,,,,,,,,,,,,,,
10,5a3bc91c-18be-4072-9ced-32b3b5ce5df1,2,gray,Complex,4,0.80465686,0.54598653,0.28132302,,,,,,,,,,,,,,,,,,,,,
10,5a3bc91c-18be-4072-9ced-32b3b5ce5df1,3,default,2D,6,0.1060059,0.2251362,0.5924007,0.7458835,0.931786,,,,,,,,,,,,,,,,,,,
10,5a3bc91c-18be-4072-9ced-32b3b5ce5df1,3,default,Complex,4,0.88548595,0.7551183,0.42231923,,,,,,,,,,,,,,,,,,,,,
10,5a3bc91c-18be-4072-9ced-32b3b5ce5df1,3,default,1D,4,0.2421875,0.40885416,0.73828125,,,,,,,,,,,,,,,,,,,,,
14,353b376a-718c-4ae8-bf5f-082299ad82ef,0,kindlmann,Complex,7,0.0928462,0.13709214,0.18586606,0.30344668,0.45286477,0.86780024,0.8003983,0.65595824,0.5294118,0.57254905,,,,,,,,,,,,,,
14,353b376a-718c-4ae8-bf5f-082299ad82ef,0,kindlmann,1D,10,0.100260414,0.07421875,0.13151042,0.20703125,0.2578125,0.30729166,0.4049479,0.47916666,0.5963542,0.70703125,0.82161456,,,,,,,,,,,,,
14,353b376a-718c-4ae8-bf5f-082299ad82ef,0,kindlmann,2D,10,0.9843406,0.89911276,0.830374,0.76399344,0.7035685,0.6330054,0.54786617,0.4342716,0.2920849,0.1741874,0.037557825,,,,,,,,,,,,,
14,353b376a-718c-4ae8-bf5f-082299ad82ef,1,default,Complex,7,0.20516543,0.11764706,0.032536764,0.3228286,0.66377515,0.7504136,0.9685384,0.47120097,,,,,,,,,,,,,,,,
14,353b376a-718c-4ae8-bf5f-082299ad82ef,1,default,2D,8,1,0.9434311,0.6428495,0.3868656,0.25518176,0.049135316,0.5006845,0.75282496,,,,,,,,,,,,,,,,
14,353b376a-718c-4ae8-bf5f-082299ad82ef,1,default,1D,8,0.0703125,0.25520834,0.2109375,0.3658854,0.6276042,0.81380206,0.8541667,0.74609375,0.7135417,,,,,,,,,,,,,,,
14,353b376a-718c-4ae8-bf5f-082299ad82ef,2,gray,1D,13,0.58723956,0.47916666,0.3828125,0.3294271,0.29947916,0.2643229,0.23046875,0.20052083,0.17838542,0.15755208,0.13802083,0.11328125,0.096354164,0.69140625,,,,,,,,,,
14,353b376a-718c-4ae8-bf5f-082299ad82ef,2,gray,2D,10,0.40669215,0.5056712,0.613722,0.6631172,0.6864832,0.7303422,0.7597921,0.77737314,0.79478294,0.8250935,0.29344,,,,,,,,,,,,,
14,353b376a-718c-4ae8-bf5f-082299ad82ef,2,gray,Complex,6,0.26033074,0.45110294,0.57135105,0.15476876,0.38723,0.822212,0.634038,,,,,,,,,,,,,,,,,
14,353b376a-718c-4ae8-bf5f-082299ad82ef,3,jet,1D,10,0.083333336,0.11328125,0.19921875,0.35546875,0.4674479,0.52734375,0.64713544,0.7395833,0.8932292,,,,,,,,,,,,,,,
14,353b376a-718c-4ae8-bf5f-082299ad82ef,3,jet,Complex,8,0.14672673,0.29448912,0.38265166,0.57552564,0.6680811,0.7626896,0.9260723,0.061090685,0.9764706,,,,,,,,,,,,,,,
14,353b376a-718c-4ae8-bf5f-082299ad82ef,3,jet,2D,13,1,0.9327316,0.89137095,0.83278793,0.77016443,0.62692845,0.7035155,0.49678874,0.36228815,0.11413857,0.013278697,0.22969872,0.32074624,,,,,,,,,,,
6,25de8192-2ed1-42c0-8aaa-3a2aacb9aefe,0,default,2D,7,0.13023438,0.21950823,0.26573986,0.67669255,0.7679643,0.92218757,,,,,,,,,,,,,,,,,,
6,25de8192-2ed1-42c0-8aaa-3a2aacb9aefe,0,default,1D,6,0.73046875,0.87369794,0.77734375,0.18098958,0.36328125,,,,,,,,,,,,,,,,,,,
6,25de8192-2ed1-42c0-8aaa-3a2aacb9aefe,0,default,Complex,6,0.8838338,0.75130206,0.67386645,0.3914685,0.2558994,,,,,,,,,,,,,,,,,,,
6,25de8192-2ed1-42c0-8aaa-3a2aacb9aefe,1,gray,1D,3,0.77213544,0.20833333,,,,,,,,,,,,,,,,,,,,,,
6,25de8192-2ed1-42c0-8aaa-3a2aacb9aefe,1,gray,Complex,4,0.8519914,0.5513021,0.27584845,,,,,,,,,,,,,,,,,,,,,
6,25de8192-2ed1-42c0-8aaa-3a2aacb9aefe,1,gray,2D,3,0.18305272,0.8956403,,,,,,,,,,,,,,,,,,,,,,
6,25de8192-2ed1-42c0-8aaa-3a2aacb9aefe,2,kindlmann,Complex,5,0.21105263,0.8238026,0.73796743,0.48423713,,,,,,,,,,,,,,,,,,,,
6,25de8192-2ed1-42c0-8aaa-3a2aacb9aefe,2,kindlmann,1D,5,0.11328125,0.7317708,0.82161456,0.44270834,,,,,,,,,,,,,,,,,,,,
6,25de8192-2ed1-42c0-8aaa-3a2aacb9aefe,2,kindlmann,2D,6,0.88639647,0.18284886,0.28044108,0.5326396,0.947931,0.62267905,,,,,,,,,,,,,,,,,,
6,25de8192-2ed1-42c0-8aaa-3a2aacb9aefe,3,jet,Complex,6,0.20784314,0.3709524,0.5672033,0.78816026,0.67889655,0.054311655,,,,,,,,,,,,,,,,,,
6,25de8192-2ed1-42c0-8aaa-3a2aacb9aefe,3,jet,2D,10,0.07240333,0.20534973,0.3623443,0.6272637,0.78309244,0.8414038,0.9322953,0.99399376,0.49707532,,,,,,,,,,,,,,,
6,25de8192-2ed1-42c0-8aaa-3a2aacb9aefe,3,jet,1D,8,0.6302083,0.51692706,0.38020834,0.35677084,0.18229167,0.9296875,0.82421875,0.66276044,0.110677086,,,,,,,,,,,,,,,
4,0fce97e0-b60e-4f0c-8191-7d29f3c62264,0,default,1D,10,0.080729164,0.23177083,0.2578125,0.14713542,0.32421875,0.60807294,0.39453125,0.67317706,0.7369792,0.78125,0.875,,,,,,,,,,,,,
4,0fce97e0-b60e-4f0c-8191-7d29f3c62264,0,default,2D,9,0.90781265,0.77217823,0.7132993,0.6176323,0.39247823,0.30940306,0.22612806,0.14445499,,,,,,,,,,,,,,,,
4,0fce97e0-b60e-4f0c-8191-7d29f3c62264,0,default,Complex,9,0.0907652,0.15353465,0.23048407,0.34679842,0.4416207,0.6279718,0.6999387,0.76441485,0.8590227,,,,,,,,,,,,,,,
4,0fce97e0-b60e-4f0c-8191-7d29f3c62264,1,kindlmann,1D,11,0.104166664,0.14973958,0.18880208,0.2643229,0.33984375,0.4296875,0.5052083,0.6328125,0.81119794,0.93619794,0.7213542,,,,,,,,,,,,,
4,0fce97e0-b60e-4f0c-8191-7d29f3c62264,1,kindlmann,Complex,12,0.048564356,0.11976103,0.19076286,0.27190408,0.3542654,0.43169424,0.5422438,0.59398264,0.714614,0.8045037,0.9491115,0.8726562,,,,,,,,,,,,
4,0fce97e0-b60e-4f0c-8191-7d29f3c62264,1,kindlmann,2D,13,0.9677589,0.8959923,0.8204158,0.75532055,0.68204314,0.6115302,0.54559,0.4891468,0.2901397,0.2144923,0.24919848,0.17693008,0.066699214,,,,,,,,,,,
4,0fce97e0-b60e-4f0c-8191-7d29f3c62264,2,gray,2D,7,0.973638,0.88253206,0.7175412,0.5324804,0.34670642,0.08846504,0.20995462,,,,,,,,,,,,,,,,,
4,0fce97e0-b60e-4f0c-8191-7d29f3c62264,2,gray,1D,7,0.9583333,0.8385417,0.6223958,0.110677086,0.3372396,0.43489584,0.2669271,,,,,,,,,,,,,,,,,
4,0fce97e0-b60e-4f0c-8191-7d29f3c62264,2,gray,Complex,10,0.054963235,0.19827414,0.3393642,0.43137255,0.65904564,0.5767923,0.86943936,0.79488355,0.6130864,0.13111213,,,,,,,,,,,,,,
4,0fce97e0-b60e-4f0c-8191-7d29f3c62264,3,jet,2D,13,0.9915448,0.9501462,0.8673282,0.7843731,0.6522125,0.62317985,0.5453227,0.492401,0.38199672,0.35539958,0.21035801,0.09084773,0.039665487,0.2807311,,,,,,,,,,
4,0fce97e0-b60e-4f0c-8191-7d29f3c62264,3,jet,Complex,11,0.06459865,0.085891545,0.19258411,0.34319684,0.4271276,0.5191253,0.604753,0.66207105,0.77824754,0.6952219,0.9222032,0.97365195,,,,,,,,,,,,
4,0fce97e0-b60e-4f0c-8191-7d29f3c62264,3,jet,1D,14,0.94401044,0.80338544,0.9010417,0.75911456,0.70703125,0.66536456,0.6328125,0.5364583,0.3919271,0.33984375,0.22005208,0.12890625,0.08203125,0.040364582,,,,,,,,,,
3,469efc23-b5ee-4cb3-95d5-3f07582aef59,0,default,2D,7,0.9294285,0.7708333,0.71404046,0.31784704,0.25394297,0.1304425,,,,,,,,,,,,,,,,,,
3,469efc23-b5ee-4cb3-95d5-3f07582aef59,0,default,1D,7,0.072916664,0.23567708,0.36458334,0.7317708,0.7708333,0.8515625,,,,,,,,,,,,,,,,,,
3,469efc23-b5ee-4cb3-95d5-3f07582aef59,0,default,Complex,7,0.11338848,0.23895527,0.30684742,0.5939032,0.73847914,0.8695466,0.3961397,,,,,,,,,,,,,,,,,
3,469efc23-b5ee-4cb3-95d5-3f07582aef59,1,kindlmann,2D,11,0.89032036,0.8265717,0.7842304,0.6370049,0.55916864,0.3727235,0.2891094,0.17610407,0.036458332,0.9431434,,,,,,,,,,,,,,
3,469efc23-b5ee-4cb3-95d5-3f07582aef59,1,kindlmann,Complex,11,0.11202512,0.16374081,0.24662991,0.30317897,0.38172486,0.4999069,0.6214184,0.7337233,0.82220817,0.7577972,0.9362439,,,,,,,,,,,,,
3,469efc23-b5ee-4cb3-95d5-3f07582aef59,1,kindlmann,1D,15,0.1015625,0.109375,0.14453125,0.20442708,0.24479167,0.3033854,0.3815104,0.45052084,0.6119792,0.46614584,0.484375,0.71484375,0.81380206,0.9192708,,,,,,,,,,
3,469efc23-b5ee-4cb3-95d5-3f07582aef59,2,jet,1D,10,0.076822914,0.15364583,0.21354167,0.35416666,0.37109375,0.47395834,0.49609375,0.6354167,0.7005208,0.7421875,0.8776042,0.89192706,0.97265625,0.0234375,,,,,,,,,,
3,469efc23-b5ee-4cb3-95d5-3f07582aef59,2,jet,2D,11,0.010737254,0.0884267,0.10705627,0.21035801,0.24923928,0.34869587,0.36179176,0.48698613,0.6320458,0.7791334,0.88222843,0.988421,,,,,,,,,,,,
3,469efc23-b5ee-4cb3-95d5-3f07582aef59,2,jet,Complex,8,0.21757442,0.3440991,0.49020842,0.6147978,0.63681066,0.5699546,0.6901961,0.75859374,0.9115196,0.9791603,0.9620098,,,,,,,,,,,,,
3,469efc23-b5ee-4cb3-95d5-3f07582aef59,3,gray,1D,4,0.21484375,0.47265625,0.57942706,,,,,,,,,,,,,,,,,,,,,
3,469efc23-b5ee-4cb3-95d5-3f07582aef59,3,gray,Complex,4,0.25260368,0.51762885,0.7960478,0.96585476,,,,,,,,,,,,,,,,,,,,
3,469efc23-b5ee-4cb3-95d5-3f07582aef59,3,gray,2D,3,0.9247542,0.025648067,0.40418312,,,,,,,,,,,,,,,,,,,,,
21,c1cc912d-9b64-466e-a543-e86185b08960,0,gray,2D,6,0.79228324,0.3635495,0.5117502,0.6413339,0.24806653,0.94477075,,,,,,,,,,,,,,,,,,
21,c1cc912d-9b64-466e-a543-e86185b08960,0,gray,1D,8,0.9270833,0.75390625,0.6276042,0.29166666,0.40364584,0.52734375,0.22005208,0.13151042,,,,,,,,,,,,,,,,
21,c1cc912d-9b64-466e-a543-e86185b08960,0,gray,Complex,10,0.94831496,0.8075674,0.24627674,0.36222425,0.16726325,0.52156866,0.6649032,0.8849265,,,,,,,,,,,,,,,,
21,c1cc912d-9b64-466e-a543-e86185b08960,1,jet,2D,12,1,0.94637364,0.80100036,0.84870666,0.75693494,0.6641901,0.6163023,0.5323276,0.45617536,0.36313888,0.29912797,0.25340828,0.19355108,0.08730757,,,,,,,,,,
21,c1cc912d-9b64-466e-a543-e86185b08960,1,jet,Complex,10,0.20784314,0.07846632,0.34468442,0.45034707,0.52702206,0.6588822,0.7219698,0.8946357,0.7979473,,,,,,,,,,,,,,,
21,c1cc912d-9b64-466e-a543-e86185b08960,1,jet,1D,14,0.075520836,0.1875,0.13932292,0.2591146,0.30208334,0.22005208,0.34635416,0.40625,0.44921875,0.57161456,0.6380208,0.70182294,0.7708333,0.86848956,0.94661456,0.5104167,,,,,,,,
21,c1cc912d-9b64-466e-a543-e86185b08960,2,default,Complex,10,0.10310968,0.21047795,0.29796106,0.37219664,0.42028522,0.7291708,0.7772212,0.88901657,0.82931983,0.63553923,,,,,,,,,,,,,,
21,c1cc912d-9b64-466e-a543-e86185b08960,2,default,1D,8,0.076822914,0.19010417,0.33333334,0.7109375,0.81119794,0.8932292,0.43359375,,,,,,,,,,,,,,,,,
21,c1cc912d-9b64-466e-a543-e86185b08960,2,default,2D,8,0.9294103,0.7707145,0.68568754,0.5792266,0.36013845,0.26085898,0.21677244,0.14023866,,,,,,,,,,,,,,,,
21,c1cc912d-9b64-466e-a543-e86185b08960,3,kindlmann,Complex,6,0.16420037,0.30973834,0.518537,0.72519505,0.81979114,,,,,,,,,,,,,,,,,,,
21,c1cc912d-9b64-466e-a543-e86185b08960,3,kindlmann,2D,8,0.88906264,0.8052898,0.6183018,0.5043283,0.285391,0.17681505,,,,,,,,,,,,,,,,,,
21,c1cc912d-9b64-466e-a543-e86185b08960,3,kindlmann,1D,6,0.515625,0.421875,0.20963542,0.11328125,0.70963544,0.8645833,0.8125,,,,,,,,,,,,,,,,,
9,69be4cdd-9063-4877-bbcd-a07a14e36ec9,0,jet,2D,9,0.097751684,0.25001356,0.18778913,0.4871532,0.64090544,0.8177457,0.97871286,0.3480048,,,,,,,,,,,,,,,,
9,69be4cdd-9063-4877-bbcd-a07a14e36ec9,0,jet,1D,4,0.5078125,0.23697917,0.765625,,,,,,,,,,,,,,,,,,,,,
9,69be4cdd-9063-4877-bbcd-a07a14e36ec9,0,jet,Complex,8,0.08820466,0.35147238,0.2322304,0.5318474,0.8759804,0.7881281,0.68235296,0.6221354,,,,,,,,,,,,,,,,
9,69be4cdd-9063-4877-bbcd-a07a14e36ec9,1,kindlmann,2D,6,0.08915231,0.17777133,0.24546947,0.44867304,0.88344216,0.61031467,,,,,,,,,,,,,,,,,,
9,69be4cdd-9063-4877-bbcd-a07a14e36ec9,1,kindlmann,Complex,6,0.1511422,0.49686638,0.7297488,0.8123267,0.9376532,,,,,,,,,,,,,,,,,,,
9,69be4cdd-9063-4877-bbcd-a07a14e36ec9,1,kindlmann,1D,5,0.8151042,0.7135417,0.44791666,0.108072914,0.21875,0.9296875,,,,,,,,,,,,,,,,,,
9,69be4cdd-9063-4877-bbcd-a07a14e36ec9,2,default,Complex,6,0.885084,0.780641,0.7278033,0.42178196,0.24958353,0.12458699,0.6441483,,,,,,,,,,,,,,,,,
9,69be4cdd-9063-4877-bbcd-a07a14e36ec9,2,default,1D,6,0.123697914,0.39322916,0.63411456,0.87109375,0.78515625,,,,,,,,,,,,,,,,,,,
9,69be4cdd-9063-4877-bbcd-a07a14e36ec9,2,default,2D,5,0.27649578,0.21221961,0.60192317,0.9233892,,,,,,,,,,,,,,,,,,,,
9,69be4cdd-9063-4877-bbcd-a07a14e36ec9,3,gray,1D,7,0.85807294,0.7109375,0.5885417,0.48958334,0.38671875,0.3294271,0.098958336,0.16927083,0.25,,,,,,,,,,,,,,,
9,69be4cdd-9063-4877-bbcd-a07a14e36ec9,3,gray,Complex,5,0.14222388,0.21960784,0.51279104,0.7688252,0.92192936,,,,,,,,,,,,,,,,,,,
9,69be4cdd-9063-4877-bbcd-a07a14e36ec9,3,gray,2D,5,0.8662525,0.73381144,0.6276906,0.47181436,0.09148005,0.2975823,,,,,,,,,,,,,,,,,,
10,2c762691-1f88-464d-a998-f368694d5e3c,0,jet,1D,11,0.0703125,0.23567708,0.35546875,0.42447916,0.49609375,0.60026044,0.68359375,0.7864583,0.9270833,0.19270833,,,,,,,,,,,,,,
10,2c762691-1f88-464d-a998-f368694d5e3c,0,jet,2D,10,0.075834475,0.30970976,0.37349597,0.47067025,0.623022,0.67032886,0.80822355,0.980167,0.21323974,0.53860945,,,,,,,,,,,,,,
10,2c762691-1f88-464d-a998-f368694d5e3c,0,jet,Complex,12,0.95399505,0.89656866,0.7863685,0.6668346,0.6057598,0.50818866,0.35635915,0.2302605,0.12156863,0.73106265,0.035094976,,,,,,,,,,,,,
10,2c762691-1f88-464d-a998-f368694d5e3c,1,kindlmann,Complex,11,0.95823526,0.88103557,0.8141544,0.73492646,0.5498468,0.2732101,0.16788976,0.12893151,0.05837929,0.67242646,0.38463542,,,,,,,,,,,,,
10,2c762691-1f88-464d-a998-f368694d5e3c,1,kindlmann,2D,15,0.033854168,0.06384193,0.10756186,0.17262305,0.20551479,0.26763436,0.43405294,0.5109545,0.6040432,0.70378536,0.7742744,0.83369946,0.884842,0.952972,1,,,,,,,,,
10,2c762691-1f88-464d-a998-f368694d5e3c,1,kindlmann,1D,14,0.9479167,0.89453125,0.81901044,0.77994794,0.7239583,0.57421875,0.46875,0.41666666,0.29166666,0.20833333,0.119791664,0.063802086,0.69921875,0.17057292,,,,,,,,,,
10,2c762691-1f88-464d-a998-f368694d5e3c,2,gray,2D,4,0.16308822,0.4941745,0.69275236,0.9182965,,,,,,,,,,,,,,,,,,,,
10,2c762691-1f88-464d-a998-f368694d5e3c,2,gray,1D,6,0.9010417,0.71744794,0.54557294,0.36328125,0.1953125,0.084635414,,,,,,,,,,,,,,,,,,
10,2c762691-1f88-464d-a998-f368694d5e3c,2,gray,Complex,8,0.89191175,0.73049605,0.55593693,0.30243567,0.1722384,0.0627451,0.039215688,,,,,,,,,,,,,,,,,
10,2c762691-1f88-464d-a998-f368694d5e3c,3,default,2D,11,0.101295054,0.20859359,0.2712837,0.5791154,0.6315842,0.7657357,0.8991769,0.9590266,,,,,,,,,,,,,,,,
10,2c762691-1f88-464d-a998-f368694d5e3c,3,default,Complex,10,0.86151963,0.77314645,0.7195276,0.63092834,0.44822302,0.33517158,0.21985294,0.14292166,0.051513314,,,,,,,,,,,,,,,
10,2c762691-1f88-464d-a998-f368694d5e3c,3,default,1D,11,0.84505206,0.90625,0.7838542,0.7317708,0.6744792,0.42578125,0.390625,0.2734375,0.22395833,0.1171875,0.067708336,,,,,,,,,,,,,
