participant,UUID,block,cmap,data,num_color_categories,d1,d2,d3,d4,d5,d6,d7,d8,d9,d10,d11,d12,d13,d14,d15,d16,d17,d18,d19,d20,d21,d22,d23,d24,d25,d26,d27,d28,d29,d30,d31,d32,d33,d34,d35,d36,d37,d38,d39,d40
14,0e91f1b1-d756-44e9-950e-c3a815435b2b,0,kindlmann,Complex,11,0.9204561,0.8293666,0.7448989,0.6469164,0.5520067,0.39408702,0.25397113,0.17335421,0.13526349,0.09518995,,,,,,,,,,,,,,,,,,,,,,,,,,,,,,
14,0e91f1b1-d756-44e9-950e-c3a815435b2b,0,kindlmann,1D,11,0.9114583,0.82682294,0.7682292,0.72265625,0.57682294,0.47135416,0.39583334,0.24609375,0.17578125,0.102864586,0.34635416,,,,,,,,,,,,,,,,,,,,,,,,,,,,,
14,0e91f1b1-d756-44e9-950e-c3a815435b2b,0,kindlmann,2D,7,0.052148398,0.1706077,0.2659057,0.6259162,0.5364583,0.7420413,0.83933383,0.91021115,,,,,,,,,,,,,,,,,,,,,,,,,,,,,,,,
14,0e91f1b1-d756-44e9-950e-c3a815435b2b,1,default,Complex,7,0.86665136,0.78556985,0.7044051,0.21666667,0.11100625,0.4047794,0.6258458,,,,,,,,,,,,,,,,,,,,,,,,,,,,,,,,,
14,0e91f1b1-d756-44e9-950e-c3a815435b2b,1,default,2D,7,0.114494525,0.2449163,0.32494742,0.5711383,0.7390146,0.7673989,0.9287351,,,,,,,,,,,,,,,,,,,,,,,,,,,,,,,,,
14,0e91f1b1-d756-44e9-950e-c3a815435b2b,1,default,1D,7,0.8828125,0.77994794,0.73307294,0.40234375,0.22005208,0.091145836,0.26041666,,,,,,,,,,,,,,,,,,,,,,,,,,,,,,,,,
14,0e91f1b1-d756-44e9-950e-c3a815435b2b,2,gray,1D,6,0.95703125,0.796875,0.59375,0.4388021,0.3190104,0.12760417,,,,,,,,,,,,,,,,,,,,,,,,,,,,,,,,,,
14,0e91f1b1-d756-44e9-950e-c3a815435b2b,2,gray,2D,4,0.050294813,0.29317412,0.88560814,0.65052587,,,,,,,,,,,,,,,,,,,,,,,,,,,,,,,,,,,,
14,0e91f1b1-d756-44e9-950e-c3a815435b2b,2,gray,Complex,6,0.15038297,0.28446308,0.53592217,0.71433824,0.89173424,0.3858456,,,,,,,,,,,,,,,,,,,,,,,,,,,,,,,,,,
14,0e91f1b1-d756-44e9-950e-c3a815435b2b,3,jet,1D,8,0.9192708,0.8098958,0.69661456,0.64192706,0.5494792,0.37109375,0.17838542,0.0546875,,,,,,,,,,,,,,,,,,,,,,,,,,,,,,,,
14,0e91f1b1-d756-44e9-950e-c3a815435b2b,3,jet,Complex,7,0.9416973,0.79806983,0.6897097,0.63714767,0.52156866,0.35317096,0.23050717,0.057380944,,,,,,,,,,,,,,,,,,,,,,,,,,,,,,,,
14,0e91f1b1-d756-44e9-950e-c3a815435b2b,3,jet,2D,9,0.01518477,0.08656651,0.20354192,0.32283264,0.3641739,0.5166761,0.9964163,0.81817263,0.64651555,,,,,,,,,,,,,,,,,,,,,,,,,,,,,,,
4,296bdda0-a5fe-4f07-8e8d-9b7b3a006723,0,default,1D,6,0.07421875,0.234375,0.32552084,0.67578125,0.75911456,0.8802083,,,,,,,,,,,,,,,,,,,,,,,,,,,,,,,,,,
4,296bdda0-a5fe-4f07-8e8d-9b7b3a006723,0,default,2D,5,0.12437452,0.24128978,0.62347907,0.7500723,0.91945153,,,,,,,,,,,,,,,,,,,,,,,,,,,,,,,,,,,
4,296bdda0-a5fe-4f07-8e8d-9b7b3a006723,0,default,Complex,7,0.9026501,0.74105257,0.37574476,0.23924632,0.07991728,,,,,,,,,,,,,,,,,,,,,,,,,,,,,,,,,,,
4,296bdda0-a5fe-4f07-8e8d-9b7b3a006723,1,kindlmann,1D,5,0.111979164,0.21223958,0.72786456,0.8177083,0.93619794,,,,,,,,,,,,,,,,,,,,,,,,,,,,,,,,,,,
4,296bdda0-a5fe-4f07-8e8d-9b7b3a006723,1,kindlmann,Complex,5,0.820628,0.7436331,0.52875113,0.27365196,0.10372482,,,,,,,,,,,,,,,,,,,,,,,,,,,,,,,,,,,
4,296bdda0-a5fe-4f07-8e8d-9b7b3a006723,1,kindlmann,2D,4,0.17777133,0.2838661,0.5319453,0.9000401,,,,,,,,,,,,,,,,,,,,,,,,,,,,,,,,,,,,
4,296bdda0-a5fe-4f07-8e8d-9b7b3a006723,2,gray,2D,6,0.41934362,0.51249176,0.61163,0.66463923,0.7083525,0.7449055,,,,,,,,,,,,,,,,,,,,,,,,,,,,,,,,,,
4,296bdda0-a5fe-4f07-8e8d-9b7b3a006723,2,gray,1D,9,0.09765625,0.12760417,0.17708333,0.19661458,0.22135417,0.25390625,0.28645834,0.3268229,0.3815104,,,,,,,,,,,,,,,,,,,,,,,,,,,,,,,
4,296bdda0-a5fe-4f07-8e8d-9b7b3a006723,2,gray,Complex,4,0.9411305,0.55210024,0.80188394,0.2547494,,,,,,,,,,,,,,,,,,,,,,,,,,,,,,,,,,,,
4,296bdda0-a5fe-4f07-8e8d-9b7b3a006723,3,jet,2D,5,0.0947931,0.36444378,0.6324641,0.81916666,0.99931145,,,,,,,,,,,,,,,,,,,,,,,,,,,,,,,,,,,
4,296bdda0-a5fe-4f07-8e8d-9b7b3a006723,3,jet,Complex,6,0.88529414,0.65972733,0.5151511,0.35315564,0.17387456,0.07694762,,,,,,,,,,,,,,,,,,,,,,,,,,,,,,,,,,
4,296bdda0-a5fe-4f07-8e8d-9b7b3a006723,3,jet,1D,4,0.125,0.36979166,0.6484375,0.89973956,,,,,,,,,,,,,,,,,,,,,,,,,,,,,,,,,,,,
20,88c803fb-7bed-4df9-87e3-598a4b424a87,0,gray,Complex,8,0.17588848,0.26124346,0.30588236,0.3612592,0.42423406,0.54207015,0.62830883,0.89981616,,,,,,,,,,,,,,,,,,,,,,,,,,,,,,,,
20,88c803fb-7bed-4df9-87e3-598a4b424a87,0,gray,1D,7,0.083333336,0.140625,0.19401042,0.2565104,0.375,0.58723956,0.79557294,,,,,,,,,,,,,,,,,,,,,,,,,,,,,,,,,
20,88c803fb-7bed-4df9-87e3-598a4b424a87,0,gray,2D,6,0.9503067,0.7881381,0.6263224,0.48648453,0.30970976,0.065104164,,,,,,,,,,,,,,,,,,,,,,,,,,,,,,,,,,
20,88c803fb-7bed-4df9-87e3-598a4b424a87,1,default,2D,8,0.94976425,0.7605817,0.6162693,0.36777803,0.26146922,0.228292,0.17864658,0.109529905,,,,,,,,,,,,,,,,,,,,,,,,,,,,,,,,
20,88c803fb-7bed-4df9-87e3-598a4b424a87,1,default,Complex,6,0.15530503,0.2311214,0.3979114,0.6982384,0.77635235,0.91056985,,,,,,,,,,,,,,,,,,,,,,,,,,,,,,,,,,
20,88c803fb-7bed-4df9-87e3-598a4b424a87,1,default,1D,6,0.08203125,0.24088542,0.37890625,0.6588542,0.7526042,0.86067706,,,,,,,,,,,,,,,,,,,,,,,,,,,,,,,,,,
20,88c803fb-7bed-4df9-87e3-598a4b424a87,2,kindlmann,1D,5,0.108072914,0.19401042,0.39583334,0.71744794,0.81380206,,,,,,,,,,,,,,,,,,,,,,,,,,,,,,,,,,,
20,88c803fb-7bed-4df9-87e3-598a4b424a87,2,kindlmann,2D,8,0.9745291,0.8894096,0.7941342,0.51642007,0.27908358,0.1841792,0.05474947,0.6308107,,,,,,,,,,,,,,,,,,,,,,,,,,,,,,,,
20,88c803fb-7bed-4df9-87e3-598a4b424a87,2,kindlmann,Complex,8,0.1502652,0.27072898,0.33645833,0.52310884,0.74058765,0.8141544,0.9726419,0.4208946,,,,,,,,,,,,,,,,,,,,,,,,,,,,,,,,
20,88c803fb-7bed-4df9-87e3-598a4b424a87,3,jet,1D,5,0.19791667,0.3736979,0.64973956,0.80338544,0.9010417,,,,,,,,,,,,,,,,,,,,,,,,,,,,,,,,,,,
20,88c803fb-7bed-4df9-87e3-598a4b424a87,3,jet,Complex,7,0.15843625,0.21631697,0.3652114,0.51638293,0.6882243,0.7748577,0.917827,0.9764706,,,,,,,,,,,,,,,,,,,,,,,,,,,,,,,,
20,88c803fb-7bed-4df9-87e3-598a4b424a87,3,jet,2D,8,0.9886406,0.8143384,0.6287054,0.44563982,0.35329434,0.19117136,0.083374016,0.018229166,,,,,,,,,,,,,,,,,,,,,,,,,,,,,,,,
7,7f2d8cfd-94ec-48b0-ba0c-6eaeb1180531,0,jet,1D,10,0.100260414,0.029947916,0.1875,0.25520834,0.36979166,0.49609375,0.64192706,0.7708333,0.88932294,0.99609375,,,,,,,,,,,,,,,,,,,,,,,,,,,,,,
7,7f2d8cfd-94ec-48b0-ba0c-6eaeb1180531,0,jet,2D,10,1,0.78426933,0.59703606,0.4446648,0.35520872,0.21857943,0.1060059,0.027682671,0.15942946,0.27159598,,,,,,,,,,,,,,,,,,,,,,,,,,,,,,
7,7f2d8cfd-94ec-48b0-ba0c-6eaeb1180531,0,jet,Complex,8,0.1869715,0.36441532,0.48601887,0.66558474,0.7381622,0.7975533,0.89989275,0.94560355,,,,,,,,,,,,,,,,,,,,,,,,,,,,,,,,
7,7f2d8cfd-94ec-48b0-ba0c-6eaeb1180531,1,default,1D,9,0.109375,0.22916667,0.38671875,0.5859375,0.6979167,0.7682292,0.8541667,0.80859375,0.9010417,0.98567706,,,,,,,,,,,,,,,,,,,,,,,,,,,,,,
7,7f2d8cfd-94ec-48b0-ba0c-6eaeb1180531,1,default,Complex,7,0.04242476,0.22559743,0.3892855,0.6147978,0.68555456,0.7645221,0.8939185,0.82287407,,,,,,,,,,,,,,,,,,,,,,,,,,,,,,,,
7,7f2d8cfd-94ec-48b0-ba0c-6eaeb1180531,1,default,2D,7,0.9139586,0.72227496,0.58204144,0.30884364,0.24130385,0.1619197,0.10765639,,,,,,,,,,,,,,,,,,,,,,,,,,,,,,,,,
7,7f2d8cfd-94ec-48b0-ba0c-6eaeb1180531,2,kindlmann,2D,7,0.89565164,0.97398967,0.9887126,0.7212084,0.6210214,0.5156513,0.2847487,0.18231027,0.08110631,0.057350818,,,,,,,,,,,,,,,,,,,,,,,,,,,,,,
7,7f2d8cfd-94ec-48b0-ba0c-6eaeb1180531,2,kindlmann,1D,8,0.106770836,0.20052083,0.3216146,0.4453125,0.7161458,0.8125,0.87890625,0.9348958,,,,,,,,,,,,,,,,,,,,,,,,,,,,,,,,
7,7f2d8cfd-94ec-48b0-ba0c-6eaeb1180531,2,kindlmann,Complex,6,0.21816951,0.11000306,0.47140935,0.6959913,0.78909314,0.9683977,,,,,,,,,,,,,,,,,,,,,,,,,,,,,,,,,,
7,7f2d8cfd-94ec-48b0-ba0c-6eaeb1180531,3,gray,2D,6,0.97358924,0.86527723,0.73518723,0.5964224,0.36458334,0.13405769,,,,,,,,,,,,,,,,,,,,,,,,,,,,,,,,,,
7,7f2d8cfd-94ec-48b0-ba0c-6eaeb1180531,3,gray,Complex,4,0.12156863,0.28276595,0.38521752,0.62267154,,,,,,,,,,,,,,,,,,,,,,,,,,,,,,,,,,,,
7,7f2d8cfd-94ec-48b0-ba0c-6eaeb1180531,3,gray,1D,10,0.049479168,0.069010414,0.091145836,0.13020833,0.17838542,0.22265625,0.2643229,0.3125,0.38541666,0.51692706,0.63671875,0.71875,0.82161456,,,,,,,,,,,,,,,,,,,,,,,,,,,
16,cee889af-f7c0-4a27-80e2-4fe06c7af4bc,0,kindlmann,1D,5,0.114583336,0.39322916,0.7213542,0.8203125,,,,,,,,,,,,,,,,,,,,,,,,,,,,,,,,,,,,
16,cee889af-f7c0-4a27-80e2-4fe06c7af4bc,0,kindlmann,2D,6,0.05474947,0.17733209,0.27849975,0.58631355,0.8162474,,,,,,,,,,,,,,,,,,,,,,,,,,,,,,,,,,,
16,cee889af-f7c0-4a27-80e2-4fe06c7af4bc,0,kindlmann,Complex,6,0.11953005,0.52209234,0.71588904,0.81001836,0.9223805,,,,,,,,,,,,,,,,,,,,,,,,,,,,,,,,,,,
16,cee889af-f7c0-4a27-80e2-4fe06c7af4bc,1,jet,Complex,9,0.06929166,0.15798101,0.3536048,0.5167272,0.65972733,0.7769608,0.8968469,0.9775735,,,,,,,,,,,,,,,,,,,,,,,,,,,,,,,,
16,cee889af-f7c0-4a27-80e2-4fe06c7af4bc,1,jet,2D,10,0.9923105,0.8165007,0.635358,0.34823856,0.2109375,0.10423175,0.011048543,0.04117549,0.46182677,,,,,,,,,,,,,,,,,,,,,,,,,,,,,,,
16,cee889af-f7c0-4a27-80e2-4fe06c7af4bc,1,jet,1D,6,0.19140625,0.37109375,0.640625,0.8098958,0.4752604,,,,,,,,,,,,,,,,,,,,,,,,,,,,,,,,,,,
16,cee889af-f7c0-4a27-80e2-4fe06c7af4bc,2,gray,Complex,4,0.23428357,0.5764706,0.91688114,,,,,,,,,,,,,,,,,,,,,,,,,,,,,,,,,,,,,
16,cee889af-f7c0-4a27-80e2-4fe06c7af4bc,2,gray,1D,4,0.18098958,0.82161456,0.48828125,,,,,,,,,,,,,,,,,,,,,,,,,,,,,,,,,,,,,
16,cee889af-f7c0-4a27-80e2-4fe06c7af4bc,2,gray,2D,4,0.9553034,0.051362198,,,,,,,,,,,,,,,,,,,,,,,,,,,,,,,,,,,,,,
16,cee889af-f7c0-4a27-80e2-4fe06c7af4bc,3,default,2D,7,0.93283343,0.7709829,0.6199886,0.26672056,0.22245437,0.11532078,,,,,,,,,,,,,,,,,,,,,,,,,,,,,,,,,,
16,cee889af-f7c0-4a27-80e2-4fe06c7af4bc,3,default,Complex,6,0.2296875,0.37922794,0.6229647,0.73703736,0.8650735,,,,,,,,,,,,,,,,,,,,,,,,,,,,,,,,,,,
16,cee889af-f7c0-4a27-80e2-4fe06c7af4bc,3,default,1D,6,0.096354164,0.24609375,0.3736979,0.75,0.8854167,,,,,,,,,,,,,,,,,,,,,,,,,,,,,,,,,,,
8,fb38d01b-bac1-4c36-bedc-0ce92a5b19a2,0,jet,Complex,7,0.937163,0.76441485,0.630913,0.5156422,0.32365903,0.24253982,0.69397223,,,,,,,,,,,,,,,,,,,,,,,,,,,,,,,,,
8,fb38d01b-bac1-4c36-bedc-0ce92a5b19a2,0,jet,1D,10,0.92838544,0.83984375,0.77994794,0.6979167,0.6536458,0.6041667,0.4908854,0.3528646,0.19921875,0.0546875,,,,,,,,,,,,,,,,,,,,,,,,,,,,,,
8,fb38d01b-bac1-4c36-bedc-0ce92a5b19a2,0,jet,2D,9,0.031466264,0.098580696,0.19895901,0.32396504,0.3582504,0.50927943,0.6474484,0.8115814,0.98856854,,,,,,,,,,,,,,,,,,,,,,,,,,,,,,,
8,fb38d01b-bac1-4c36-bedc-0ce92a5b19a2,1,default,Complex,12,0.88569856,0.777405,0.73727024,0.40098038,0.23565626,0.11228841,0.6767976,0.16078432,0.3003264,0.83852637,0.050980393,0.03137255,,,,,,,,,,,,,,,,,,,,,,,,,,,,
8,fb38d01b-bac1-4c36-bedc-0ce92a5b19a2,1,default,2D,7,0.14016612,0.22912228,0.25929445,0.60489583,0.7629142,0.9204652,0.9853012,,,,,,,,,,,,,,,,,,,,,,,,,,,,,,,,,
8,fb38d01b-bac1-4c36-bedc-0ce92a5b19a2,1,default,1D,7,0.9270833,0.89713544,0.71484375,0.375,0.21875,0.076822914,0.7630208,,,,,,,,,,,,,,,,,,,,,,,,,,,,,,,,,
8,fb38d01b-bac1-4c36-bedc-0ce92a5b19a2,2,gray,1D,5,0.19140625,0.3580729,0.5260417,0.6796875,0.9140625,,,,,,,,,,,,,,,,,,,,,,,,,,,,,,,,,,,
8,fb38d01b-bac1-4c36-bedc-0ce92a5b19a2,2,gray,Complex,6,0.96739155,0.7396446,0.5228269,0.31552747,0.26479015,0.108869486,,,,,,,,,,,,,,,,,,,,,,,,,,,,,,,,,,
8,fb38d01b-bac1-4c36-bedc-0ce92a5b19a2,2,gray,2D,3,0.058752675,0.55909586,0.94137293,,,,,,,,,,,,,,,,,,,,,,,,,,,,,,,,,,,,,
8,fb38d01b-bac1-4c36-bedc-0ce92a5b19a2,3,kindlmann,1D,6,0.18619792,0.3828125,0.72005206,0.94921875,0.8411458,0.10546875,,,,,,,,,,,,,,,,,,,,,,,,,,,,,,,,,,
8,fb38d01b-bac1-4c36-bedc-0ce92a5b19a2,3,kindlmann,2D,6,0.07310244,0.14717574,0.2496335,0.5427986,0.8107495,0.9093167,,,,,,,,,,,,,,,,,,,,,,,,,,,,,,,,,,
8,fb38d01b-bac1-4c36-bedc-0ce92a5b19a2,3,kindlmann,Complex,7,0.9526042,0.83967525,0.74523777,0.499663,0.3303928,0.22630005,0.16195044,,,,,,,,,,,,,,,,,,,,,,,,,,,,,,,,,
3,58d90676-1b2e-4d0d-be3c-b3f5b6ac5c3e,0,default,2D,5,0.6511979,0.34597215,0.23134618,0.117994905,0.9096299,,,,,,,,,,,,,,,,,,,,,,,,,,,,,,,,,,,
3,58d90676-1b2e-4d0d-be3c-b3f5b6ac5c3e,0,default,1D,6,0.22005208,0.33072916,0.703125,0.7994792,0.88151044,0.123697914,,,,,,,,,,,,,,,,,,,,,,,,,,,,,,,,,,
3,58d90676-1b2e-4d0d-be3c-b3f5b6ac5c3e,0,default,Complex,5,0.22622184,0.447816,0.71240807,0.798361,0.90609837,,,,,,,,,,,,,,,,,,,,,,,,,,,,,,,,,,,
3,58d90676-1b2e-4d0d-be3c-b3f5b6ac5c3e,1,kindlmann,2D,6,0.96476907,0.89110464,0.7512513,0.278658,0.18320085,0.623022,0.48650548,,,,,,,,,,,,,,,,,,,,,,,,,,,,,,,,,
3,58d90676-1b2e-4d0d-be3c-b3f5b6ac5c3e,1,kindlmann,Complex,4,0.13138787,0.531605,0.7292586,0.81542397,,,,,,,,,,,,,,,,,,,,,,,,,,,,,,,,,,,,
3,58d90676-1b2e-4d0d-be3c-b3f5b6ac5c3e,1,kindlmann,1D,5,0.114583336,0.18880208,0.3984375,0.72526044,0.8125,,,,,,,,,,,,,,,,,,,,,,,,,,,,,,,,,,,
3,58d90676-1b2e-4d0d-be3c-b3f5b6ac5c3e,2,jet,1D,5,0.21484375,0.36979166,0.65234375,0.7994792,0.515625,,,,,,,,,,,,,,,,,,,,,,,,,,,,,,,,,,,
3,58d90676-1b2e-4d0d-be3c-b3f5b6ac5c3e,2,jet,2D,8,0.9885857,0.80741763,0.64037615,0.34359214,0.25140664,0.116024315,0.05995242,0.48356926,,,,,,,,,,,,,,,,,,,,,,,,,,,,,,,,
3,58d90676-1b2e-4d0d-be3c-b3f5b6ac5c3e,2,jet,Complex,6,0.2058541,0.3530362,0.4989101,0.6719605,0.78256786,0.9326134,,,,,,,,,,,,,,,,,,,,,,,,,,,,,,,,,,
3,58d90676-1b2e-4d0d-be3c-b3f5b6ac5c3e,3,gray,1D,3,0.22395833,0.49609375,0.74609375,,,,,,,,,,,,,,,,,,,,,,,,,,,,,,,,,,,,,
3,58d90676-1b2e-4d0d-be3c-b3f5b6ac5c3e,3,gray,Complex,3,0.286314,0.5202512,0.842065,,,,,,,,,,,,,,,,,,,,,,,,,,,,,,,,,,,,,
3,58d90676-1b2e-4d0d-be3c-b3f5b6ac5c3e,3,gray,2D,3,0.8819825,0.48493472,0.24343039,,,,,,,,,,,,,,,,,,,,,,,,,,,,,,,,,,,,,
18,101a4214-8453-4ce7-8a75-e2e87379e327,0,kindlmann,2D,9,0.9736833,0.8786853,0.80539936,0.7461062,0.679892,0.40330967,0.28700233,0.1921621,0.516072,0.61031467,,,,,,,,,,,,,,,,,,,,,,,,,,,,,,
18,101a4214-8453-4ce7-8a75-e2e87379e327,0,kindlmann,1D,10,0.102864586,0.18880208,0.2565104,0.3138021,0.38802084,0.4921875,0.7239583,0.8177083,0.92578125,0.60807294,,,,,,,,,,,,,,,,,,,,,,,,,,,,,,
18,101a4214-8453-4ce7-8a75-e2e87379e327,0,kindlmann,Complex,6,0.09910984,0.2295704,0.14505723,0.44432372,0.7360209,0.8036408,0.5419041,,,,,,,,,,,,,,,,,,,,,,,,,,,,,,,,,
18,101a4214-8453-4ce7-8a75-e2e87379e327,1,gray,2D,5,0.9848743,0.8856158,0.70119333,0.44096625,0.11859685,,,,,,,,,,,,,,,,,,,,,,,,,,,,,,,,,,,
18,101a4214-8453-4ce7-8a75-e2e87379e327,1,gray,Complex,5,0.13878676,0.2896525,0.52722716,0.92996323,0.8305607,,,,,,,,,,,,,,,,,,,,,,,,,,,,,,,,,,,
18,101a4214-8453-4ce7-8a75-e2e87379e327,1,gray,1D,6,0.9505208,0.77994794,0.59244794,0.40625,0.079427086,0.22135417,,,,,,,,,,,,,,,,,,,,,,,,,,,,,,,,,,
18,101a4214-8453-4ce7-8a75-e2e87379e327,2,jet,Complex,9,0.07498803,0.21318772,0.33943385,0.5447263,0.6440564,0.71188724,0.8970282,0.7824281,0.041377947,,,,,,,,,,,,,,,,,,,,,,,,,,,,,,,
18,101a4214-8453-4ce7-8a75-e2e87379e327,2,jet,1D,9,0.95442706,0.8932292,0.8072917,0.7239583,0.64453125,0.515625,0.38020834,0.22005208,0.13541667,0.057291668,,,,,,,,,,,,,,,,,,,,,,,,,,,,,,
18,101a4214-8453-4ce7-8a75-e2e87379e327,2,jet,2D,9,1,0.94477075,0.8696045,0.80125856,0.6389343,0.4795133,0.35816523,0.21355754,0.10328402,0.026041666,,,,,,,,,,,,,,,,,,,,,,,,,,,,,,
18,101a4214-8453-4ce7-8a75-e2e87379e327,3,default,Complex,7,0.098346666,0.24324448,0.3591609,0.5803165,0.7522672,0.8394455,0.9206869,,,,,,,,,,,,,,,,,,,,,,,,,,,,,,,,,
18,101a4214-8453-4ce7-8a75-e2e87379e327,3,default,2D,7,0.9500641,0.76052815,0.6273934,0.27623814,0.18238465,0.1105468,0.48969412,,,,,,,,,,,,,,,,,,,,,,,,,,,,,,,,,
18,101a4214-8453-4ce7-8a75-e2e87379e327,3,default,1D,6,0.080729164,0.24869792,0.5859375,0.3997396,0.75,0.8671875,,,,,,,,,,,,,,,,,,,,,,,,,,,,,,,,,,
23,4b6d6f3f-d44b-43a4-ab2b-db419c7c95b4,0,gray,Complex,5,0.9798033,0.7604167,0.5706632,0.31170714,0.19896187,0.12689431,0.43762445,0.64853084,,,,,,,,,,,,,,,,,,,,,,,,,,,,,,,,
23,4b6d6f3f-d44b-43a4-ab2b-db419c7c95b4,0,gray,1D,6,0.8567708,0.71744794,0.5963542,0.4778646,0.3580729,0.24479167,0.14192708,,,,,,,,,,,,,,,,,,,,,,,,,,,,,,,,,
23,4b6d6f3f-d44b-43a4-ab2b-db419c7c95b4,0,gray,2D,6,0.018778913,0.23992276,0.44543433,0.6225756,0.796262,0.872493,,,,,,,,,,,,,,,,,,,,,,,,,,,,,,,,,,
23,4b6d6f3f-d44b-43a4-ab2b-db419c7c95b4,1,kindlmann,Complex,9,0.97947305,0.87135416,0.83952206,0.7893521,0.73367035,0.5246087,0.3705679,0.28945002,0.17636336,0.16403773,0.13662109,,,,,,,,,,,,,,,,,,,,,,,,,,,,,
23,4b6d6f3f-d44b-43a4-ab2b-db419c7c95b4,1,kindlmann,2D,7,0.016674804,0.09378616,0.19383119,0.3455014,0.6084283,0.77620333,0.8699359,,,,,,,,,,,,,,,,,,,,,,,,,,,,,,,,,
23,4b6d6f3f-d44b-43a4-ab2b-db419c7c95b4,1,kindlmann,1D,8,0.9375,0.82682294,0.7291667,0.609375,0.4908854,0.40625,0.28385416,0.19661458,0.102864586,,,,,,,,,,,,,,,,,,,,,,,,,,,,,,,
23,4b6d6f3f-d44b-43a4-ab2b-db419c7c95b4,2,default,1D,7,0.88932294,0.77734375,0.72786456,0.4127604,0.2513021,0.091145836,,,,,,,,,,,,,,,,,,,,,,,,,,,,,,,,,,
23,4b6d6f3f-d44b-43a4-ab2b-db419c7c95b4,2,default,2D,7,0.120046146,0.20847976,0.25782564,0.5836181,0.7477632,0.9228161,,,,,,,,,,,,,,,,,,,,,,,,,,,,,,,,,,
23,4b6d6f3f-d44b-43a4-ab2b-db419c7c95b4,2,default,Complex,9,0.9180147,0.76928425,0.7464461,0.4108068,0.22191365,0.14446405,,,,,,,,,,,,,,,,,,,,,,,,,,,,,,,,,,
23,4b6d6f3f-d44b-43a4-ab2b-db419c7c95b4,3,jet,2D,9,0.03135832,0.080771156,0.22409455,0.31823087,0.38668147,0.46933556,0.630644,0.8112512,0.9639955,,,,,,,,,,,,,,,,,,,,,,,,,,,,,,,
23,4b6d6f3f-d44b-43a4-ab2b-db419c7c95b4,3,jet,Complex,8,0.95686275,0.9028799,0.7590686,0.68241423,0.6574956,0.61755514,0.57441694,0.30407614,0.23308249,,,,,,,,,,,,,,,,,,,,,,,,,,,,,,,
23,4b6d6f3f-d44b-43a4-ab2b-db419c7c95b4,3,jet,1D,8,0.9114583,0.8125,0.703125,0.6510417,0.5963542,0.38020834,0.23177083,0.13541667,,,,,,,,,,,,,,,,,,,,,,,,,,,,,,,,
17,7f9277d3-62cf-4729-a47b-22fc462b6afb,0,kindlmann,Complex,5,0.2137274,0.5710478,0.7773897,0.7469595,0.12156863,,,,,,,,,,,,,,,,,,,,,,,,,,,,,,,,,,,
17,7f9277d3-62cf-4729-a47b-22fc462b6afb,0,kindlmann,1D,6,0.93098956,0.81380206,0.72786456,0.4596354,0.17317708,0.102864586,,,,,,,,,,,,,,,,,,,,,,,,,,,,,,,,,,
17,7f9277d3-62cf-4729-a47b-22fc462b6afb,0,kindlmann,2D,5,0.9865393,0.96566486,0.8816171,0.59185094,0.25782564,0.16782232,,,,,,,,,,,,,,,,,,,,,,,,,,,,,,,,,,
17,7f9277d3-62cf-4729-a47b-22fc462b6afb,1,gray,Complex,3,0.31530523,0.57256436,0.824617,,,,,,,,,,,,,,,,,,,,,,,,,,,,,,,,,,,,,
17,7f9277d3-62cf-4729-a47b-22fc462b6afb,1,gray,2D,3,0.88047796,0.53165835,0.118768275,,,,,,,,,,,,,,,,,,,,,,,,,,,,,,,,,,,,,
17,7f9277d3-62cf-4729-a47b-22fc462b6afb,1,gray,1D,4,0.77213544,0.3450521,0.57421875,0.17838542,,,,,,,,,,,,,,,,,,,,,,,,,,,,,,,,,,,,
17,7f9277d3-62cf-4729-a47b-22fc462b6afb,2,default,1D,6,0.13020833,0.7239583,0.80598956,0.9140625,0.36328125,,,,,,,,,,,,,,,,,,,,,,,,,,,,,,,,,,,
17,7f9277d3-62cf-4729-a47b-22fc462b6afb,2,default,2D,6,0.96980304,0.72807306,0.3250622,0.25426325,0.12242353,,,,,,,,,,,,,,,,,,,,,,,,,,,,,,,,,,,
17,7f9277d3-62cf-4729-a47b-22fc462b6afb,2,default,Complex,4,0.11556468,0.34631008,0.72968096,0.8465916,,,,,,,,,,,,,,,,,,,,,,,,,,,,,,,,,,,,
17,7f9277d3-62cf-4729-a47b-22fc462b6afb,3,jet,1D,5,0.80598956,0.56380206,0.3658854,0.19921875,0.65755206,,,,,,,,,,,,,,,,,,,,,,,,,,,,,,,,,,,
17,7f9277d3-62cf-4729-a47b-22fc462b6afb,3,jet,Complex,6,0.29809344,0.35203096,0.5052083,0.6438151,0.74733454,0.9206869,,,,,,,,,,,,,,,,,,,,,,,,,,,,,,,,,,
17,7f9277d3-62cf-4729-a47b-22fc462b6afb,3,jet,2D,6,1,0.77231437,0.6289211,0.4408432,0.34045932,0.10112754,,,,,,,,,,,,,,,,,,,,,,,,,,,,,,,,,,
2,804a19ef-02fc-4c14-9373-9f7e255b0ed2,0,default,2D,4,0.17864658,0.26156,0.59737676,0.8891504,,,,,,,,,,,,,,,,,,,,,,,,,,,,,,,,,,,,
2,804a19ef-02fc-4c14-9373-9f7e255b0ed2,0,default,1D,4,0.122395836,0.3372396,0.6848958,0.8411458,,,,,,,,,,,,,,,,,,,,,,,,,,,,,,,,,,,,
2,804a19ef-02fc-4c14-9373-9f7e255b0ed2,0,default,Complex,3,0.7012868,0.4032953,0.20010723,,,,,,,,,,,,,,,,,,,,,,,,,,,,,,,,,,,,,
2,804a19ef-02fc-4c14-9373-9f7e255b0ed2,1,jet,Complex,4,0.69461,0.5160539,0.2384494,0.9091049,,,,,,,,,,,,,,,,,,,,,,,,,,,,,,,,,,,,
2,804a19ef-02fc-4c14-9373-9f7e255b0ed2,1,jet,2D,5,0.08177249,0.32656083,0.421151,0.77294636,1,,,,,,,,,,,,,,,,,,,,,,,,,,,,,,,,,,,
2,804a19ef-02fc-4c14-9373-9f7e255b0ed2,1,jet,1D,3,0.21223958,0.5260417,0.7604167,,,,,,,,,,,,,,,,,,,,,,,,,,,,,,,,,,,,,
2,804a19ef-02fc-4c14-9373-9f7e255b0ed2,2,gray,1D,2,0.18229167,0.50911456,,,,,,,,,,,,,,,,,,,,,,,,,,,,,,,,,,,,,,
2,804a19ef-02fc-4c14-9373-9f7e255b0ed2,2,gray,2D,2,0.16490771,0.90445596,,,,,,,,,,,,,,,,,,,,,,,,,,,,,,,,,,,,,,
2,804a19ef-02fc-4c14-9373-9f7e255b0ed2,2,gray,Complex,3,0.83636427,0.47548375,0.15624091,,,,,,,,,,,,,,,,,,,,,,,,,,,,,,,,,,,,,
2,804a19ef-02fc-4c14-9373-9f7e255b0ed2,3,kindlmann,1D,5,0.102864586,0.3893229,0.73567706,0.8307292,0.9192708,,,,,,,,,,,,,,,,,,,,,,,,,,,,,,,,,,,
2,804a19ef-02fc-4c14-9373-9f7e255b0ed2,3,kindlmann,Complex,5,0.8181985,0.7291667,0.5007526,0.14061686,,,,,,,,,,,,,,,,,,,,,,,,,,,,,,,,,,,,
2,804a19ef-02fc-4c14-9373-9f7e255b0ed2,3,kindlmann,2D,6,0.057113837,0.17173684,0.28174388,0.5056377,0.8099126,0.9892852,,,,,,,,,,,,,,,,,,,,,,,,,,,,,,,,,,
10,9229247b-f93a-4bd4-a47a-08ccc1addf2c,0,jet,1D,13,0.032552082,0.0703125,0.1328125,0.2109375,0.32552084,0.36979166,0.45833334,0.6223958,0.66015625,0.75390625,0.89713544,0.94661456,0.89713544,0.7994792,,,,,,,,,,,,,,,,,,,,,,,,,,
10,9229247b-f93a-4bd4-a47a-08ccc1addf2c,0,jet,2D,13,0.03871372,0.0980288,0.17556411,0.21899788,0.28700233,0.38185465,0.48650548,0.6075806,0.65177566,0.7877895,0.8779287,0.9486032,0.99989486,0.3375888,,,,,,,,,,,,,,,,,,,,,,,,,,
10,9229247b-f93a-4bd4-a47a-08ccc1addf2c,0,jet,Complex,12,0.96550244,0.93871015,0.9086365,0.79162073,0.7299173,0.6517004,0.59102327,0.5579352,0.5267554,0.35384756,0.29650736,0.09341299,0.039491422,,,,,,,,,,,,,,,,,,,,,,,,,,,
10,9229247b-f93a-4bd4-a47a-08ccc1addf2c,1,kindlmann,Complex,14,0.03694853,0.10563725,0.19112334,0.2740323,0.33251366,0.4,0.50646806,0.43161273,0.5563725,0.63579965,0.7063266,0.741165,0.8095588,0.90477943,0.9727635,,,,,,,,,,,,,,,,,,,,,,,,,
10,9229247b-f93a-4bd4-a47a-08ccc1addf2c,1,kindlmann,2D,15,0.9826856,0.88983655,0.8181229,0.7504565,0.6965355,0.6191129,0.5653921,0.40203813,0.46985546,0.28396165,0.1979338,0.08900004,0.026557393,0.51982325,,,,,,,,,,,,,,,,,,,,,,,,,,
10,9229247b-f93a-4bd4-a47a-08ccc1addf2c,1,kindlmann,1D,20,0.102864586,0.114583336,0.16145833,0.19140625,0.21614583,0.24869792,0.29947916,0.328125,0.37239584,0.41145834,0.46614584,0.4466146,0.5026042,0.60286456,0.54036456,0.66536456,0.7109375,0.74348956,0.81119794,0.84375,0.921875,0.9635417,,,,,,,,,,,,,,,,,,
10,9229247b-f93a-4bd4-a47a-08ccc1addf2c,2,gray,2D,21,0.9523847,0.026041666,0.046875,0.106037885,0.28618595,0.23646349,0.35081902,0.414619,0.5020371,0.5769566,0.6732917,0.722763,0.7891312,0.8516621,0.90630984,0.6207811,1,0.16470195,,,,,,,,,,,,,,,,,,,,,,
10,9229247b-f93a-4bd4-a47a-08ccc1addf2c,2,gray,1D,15,0.9635417,0.84505206,0.93359375,0.75651044,0.5911458,0.69921875,0.4765625,0.33203125,0.390625,0.3111979,0.28645834,0.2578125,0.23177083,0.1796875,0.1328125,,,,,,,,,,,,,,,,,,,,,,,,,
10,9229247b-f93a-4bd4-a47a-08ccc1addf2c,2,gray,Complex,11,0.9791054,0.9235294,0.87034315,0.70922184,0.64093137,0.53128064,0.49749917,0.45297182,0.40560374,0.25618872,0.17152268,0.1225708,0.33688724,,,,,,,,,,,,,,,,,,,,,,,,,,,
10,9229247b-f93a-4bd4-a47a-08ccc1addf2c,3,default,2D,12,1,0.9244608,0.7846627,0.72747666,0.6343164,0.47502312,0.37663308,0.29761648,0.26041666,0.24584216,0.16782232,0.11614116,,,,,,,,,,,,,,,,,,,,,,,,,,,,
10,9229247b-f93a-4bd4-a47a-08ccc1addf2c,3,default,Complex,13,0.07534904,0.1034656,0.2070832,0.25352928,0.31885922,0.35848507,0.6149203,0.6845282,0.73785233,0.7613205,0.81490505,0.8946691,,,,,,,,,,,,,,,,,,,,,,,,,,,,
10,9229247b-f93a-4bd4-a47a-08ccc1addf2c,3,default,1D,17,0.045572918,0.08203125,0.15364583,0.20963542,0.2421875,0.26171875,0.30078125,0.35416666,0.60286456,0.38802084,0.65234375,0.70182294,0.74609375,0.75911456,0.80078125,0.85546875,0.8932292,0.421875,,,,,,,,,,,,,,,,,,,,,,
6,1f1c7408-dbc0-429a-82c5-48b74448380f,0,default,2D,7,0.9239912,0.7659084,0.65383255,0.25877085,0.23646349,0.12461964,,,,,,,,,,,,,,,,,,,,,,,,,,,,,,,,,,
6,1f1c7408-dbc0-429a-82c5-48b74448380f,0,default,1D,6,0.067708336,0.23177083,0.26302084,0.3919271,0.609375,0.7421875,0.7630208,0.90234375,,,,,,,,,,,,,,,,,,,,,,,,,,,,,,,,
6,1f1c7408-dbc0-429a-82c5-48b74448380f,0,default,Complex,6,0.7573268,0.70811445,0.8963199,0.5685743,0.4064011,0.10885417,,,,,,,,,,,,,,,,,,,,,,,,,,,,,,,,,,
6,1f1c7408-dbc0-429a-82c5-48b74448380f,1,gray,1D,12,0.7890625,0.7135417,0.5885417,0.4830729,0.3828125,0.328125,0.28515625,0.2565104,0.23567708,0.20052083,0.1796875,0.15104167,0.12109375,,,,,,,,,,,,,,,,,,,,,,,,,,,
6,1f1c7408-dbc0-429a-82c5-48b74448380f,1,gray,Complex,5,0.18426692,0.55107903,0.76287556,0.929804,0.70979565,0.30859938,,,,,,,,,,,,,,,,,,,,,,,,,,,,,,,,,,
6,1f1c7408-dbc0-429a-82c5-48b74448380f,1,gray,2D,6,0.67393595,0.62169266,0.540068,0.49678874,0.40645862,0.75133705,,,,,,,,,,,,,,,,,,,,,,,,,,,,,,,,,,
6,1f1c7408-dbc0-429a-82c5-48b74448380f,2,kindlmann,Complex,5,0.8321921,0.76053923,0.5917868,0.5159802,0.22717775,,,,,,,,,,,,,,,,,,,,,,,,,,,,,,,,,,,
6,1f1c7408-dbc0-429a-82c5-48b74448380f,2,kindlmann,1D,8,0.93619794,0.90755206,0.82421875,0.74609375,0.5807292,0.47395834,0.20182292,0.11328125,0.0859375,,,,,,,,,,,,,,,,,,,,,,,,,,,,,,,
6,1f1c7408-dbc0-429a-82c5-48b74448380f,2,kindlmann,2D,9,0.94875336,0.8797691,0.8227353,0.6859446,0.603813,0.5210742,0.2951108,0.1960576,0.0798847,,,,,,,,,,,,,,,,,,,,,,,,,,,,,,,
6,1f1c7408-dbc0-429a-82c5-48b74448380f,3,jet,Complex,8,0.1560049,0.34547096,0.55073005,0.6207874,0.68484986,0.78798735,0.9149663,0.9798033,,,,,,,,,,,,,,,,,,,,,,,,,,,,,,,,
6,1f1c7408-dbc0-429a-82c5-48b74448380f,3,jet,2D,10,0.99445754,0.85697263,0.80324084,0.6530438,0.6283385,0.47708163,0.36318555,0.3412154,0.21808244,0.10232752,,,,,,,,,,,,,,,,,,,,,,,,,,,,,,
6,1f1c7408-dbc0-429a-82c5-48b74448380f,3,jet,1D,11,0.02734375,0.080729164,0.123697914,0.19921875,0.3580729,0.38020834,0.5104167,0.6328125,0.6536458,0.9296875,0.8020833,0.8854167,,,,,,,,,,,,,,,,,,,,,,,,,,,,
12,37397209-ac24-45cd-ad1f-22cbfca528ba,0,jet,2D,7,0.9981129,0.8182638,0.63678133,0.4876958,0.35413793,0.19517356,0.10497731,0.31014737,,,,,,,,,,,,,,,,,,,,,,,,,,,,,,,,
12,37397209-ac24-45cd-ad1f-22cbfca528ba,0,jet,1D,11,0.078125,0.12630208,0.19140625,0.23567708,0.375,0.5026042,0.58723956,0.65494794,0.76171875,0.89453125,0.9635417,,,,,,,,,,,,,,,,,,,,,,,,,,,,,
12,37397209-ac24-45cd-ad1f-22cbfca528ba,0,jet,Complex,7,0.2791614,0.35949874,0.48846987,0.66300553,0.834375,0.91384584,,,,,,,,,,,,,,,,,,,,,,,,,,,,,,,,,,
12,37397209-ac24-45cd-ad1f-22cbfca528ba,1,gray,2D,7,0.9399021,0.81444246,0.69790214,0.5584951,0.42262986,0.09058607,0.27849975,,,,,,,,,,,,,,,,,,,,,,,,,,,,,,,,,
12,37397209-ac24-45cd-ad1f-22cbfca528ba,1,gray,Complex,4,0.20078059,0.51979166,0.7514093,0.9089461,,,,,,,,,,,,,,,,,,,,,,,,,,,,,,,,,,,,
12,37397209-ac24-45cd-ad1f-22cbfca528ba,1,gray,1D,9,0.13151042,0.22005208,0.29166666,0.38020834,0.47916666,0.61588544,0.7734375,0.95442706,,,,,,,,,,,,,,,,,,,,,,,,,,,,,,,,
12,37397209-ac24-45cd-ad1f-22cbfca528ba,2,kindlmann,Complex,5,0.12644061,0.21650966,0.4,0.52145296,0.73434436,0.8398036,0.95406324,0.6262391,,,,,,,,,,,,,,,,,,,,,,,,,,,,,,,,
12,37397209-ac24-45cd-ad1f-22cbfca528ba,2,kindlmann,1D,8,0.93098956,0.8385417,0.72786456,0.60286456,0.49739584,0.41796875,0.32291666,0.19270833,0.10546875,0.15364583,,,,,,,,,,,,,,,,,,,,,,,,,,,,,,
12,37397209-ac24-45cd-ad1f-22cbfca528ba,2,kindlmann,2D,10,0.050294813,0.12352648,0.17976296,0.27209494,0.4254048,0.5579788,0.7297988,0.80327463,0.8914394,0.96861696,,,,,,,,,,,,,,,,,,,,,,,,,,,,,,
12,37397209-ac24-45cd-ad1f-22cbfca528ba,3,default,Complex,7,0.10855773,0.22112624,0.40130848,0.7824471,0.89857537,0.8314185,0.62906665,0.24705882,0.050183825,,,,,,,,,,,,,,,,,,,,,,,,,,,,,,,
12,37397209-ac24-45cd-ad1f-22cbfca528ba,3,default,2D,7,0.0657262,0.13506566,0.21752197,0.26224616,0.34479403,0.6104202,0.7698693,0.67056656,0.9382412,,,,,,,,,,,,,,,,,,,,,,,,,,,,,,,
12,37397209-ac24-45cd-ad1f-22cbfca528ba,3,default,1D,6,0.078125,0.2265625,0.34114584,0.40885416,0.6666667,0.7526042,0.88671875,0.80078125,,,,,,,,,,,,,,,,,,,,,,,,,,,,,,,,
9,ba11acb4-0a49-4994-8ea6-bde0f4ddf7cd,0,jet,2D,6,0.08846504,0.3237661,0.6122506,0.8360024,0.9864878,,,,,,,,,,,,,,,,,,,,,,,,,,,,,,,,,,,
9,ba11acb4-0a49-4994-8ea6-bde0f4ddf7cd,0,jet,1D,5,0.19401042,0.3684896,0.63932294,0.890625,,,,,,,,,,,,,,,,,,,,,,,,,,,,,,,,,,,,
9,ba11acb4-0a49-4994-8ea6-bde0f4ddf7cd,0,jet,Complex,5,0.9293352,0.69822305,0.45912585,0.28252682,,,,,,,,,,,,,,,,,,,,,,,,,,,,,,,,,,,,
9,ba11acb4-0a49-4994-8ea6-bde0f4ddf7cd,1,kindlmann,2D,5,0.06293253,0.17313302,0.25179747,0.5219909,0.8852367,,,,,,,,,,,,,,,,,,,,,,,,,,,,,,,,,,,
9,ba11acb4-0a49-4994-8ea6-bde0f4ddf7cd,1,kindlmann,Complex,6,0.94534314,0.81580883,0.7412958,0.50484544,0.16023284,,,,,,,,,,,,,,,,,,,,,,,,,,,,,,,,,,,
9,ba11acb4-0a49-4994-8ea6-bde0f4ddf7cd,1,kindlmann,1D,5,0.11328125,0.19401042,0.4361979,0.71223956,0.8229167,,,,,,,,,,,,,,,,,,,,,,,,,,,,,,,,,,,
9,ba11acb4-0a49-4994-8ea6-bde0f4ddf7cd,2,default,Complex,4,0.8830924,0.764277,0.44768688,0.19238377,,,,,,,,,,,,,,,,,,,,,,,,,,,,,,,,,,,,
9,ba11acb4-0a49-4994-8ea6-bde0f4ddf7cd,2,default,1D,4,0.0859375,0.421875,0.86067706,0.6692708,,,,,,,,,,,,,,,,,,,,,,,,,,,,,,,,,,,,
9,ba11acb4-0a49-4994-8ea6-bde0f4ddf7cd,2,default,2D,4,0.10262531,0.25368914,0.60005,0.7842304,0.9498071,,,,,,,,,,,,,,,,,,,,,,,,,,,,,,,,,,,
9,ba11acb4-0a49-4994-8ea6-bde0f4ddf7cd,3,gray,1D,0,,,,,,,,,,,,,,,,,,,,,,,,,,,,,,,,,,,,,,,,
9,ba11acb4-0a49-4994-8ea6-bde0f4ddf7cd,3,gray,Complex,3,0.9225332,0.4727022,0.23085482,,,,,,,,,,,,,,,,,,,,,,,,,,,,,,,,,,,,,
9,ba11acb4-0a49-4994-8ea6-bde0f4ddf7cd,3,gray,2D,2,0.12338915,0.81250423,,,,,,,,,,,,,,,,,,,,,,,,,,,,,,,,,,,,,,
15,85632aea-afb6-405c-87de-1dcaefa9f6b9,0,kindlmann,2D,4,0.19202088,0.5451672,0.8318224,0.8939615,,,,,,,,,,,,,,,,,,,,,,,,,,,,,,,,,,,,
15,85632aea-afb6-405c-87de-1dcaefa9f6b9,0,kindlmann,1D,6,0.84505206,0.73046875,0.4765625,0.110677086,0.00390625,0.0078125,,,,,,,,,,,,,,,,,,,,,,,,,,,,,,,,,,
15,85632aea-afb6-405c-87de-1dcaefa9f6b9,0,kindlmann,Complex,5,0.8549479,0.7480699,0.4190267,0.2775429,0.11092123,,,,,,,,,,,,,,,,,,,,,,,,,,,,,,,,,,,
15,85632aea-afb6-405c-87de-1dcaefa9f6b9,1,jet,2D,7,0.07851466,0.19532986,0.29728588,0.61096436,0.79203063,0.95737404,0.4511526,,,,,,,,,,,,,,,,,,,,,,,,,,,,,,,,,
15,85632aea-afb6-405c-87de-1dcaefa9f6b9,1,jet,Complex,7,0.91461486,0.7776788,0.6760674,0.54718244,0.39132953,0.25387943,0.02745098,,,,,,,,,,,,,,,,,,,,,,,,,,,,,,,,,
15,85632aea-afb6-405c-87de-1dcaefa9f6b9,1,jet,1D,8,0.92317706,0.8463542,0.65494794,0.7213542,0.56119794,0.37890625,0.2109375,0.08203125,0.005208334,,,,,,,,,,,,,,,,,,,,,,,,,,,,,,,
15,85632aea-afb6-405c-87de-1dcaefa9f6b9,2,default,Complex,5,0.865288,0.8015012,0.7417739,0.410769,0.22849265,0.039215688,,,,,,,,,,,,,,,,,,,,,,,,,,,,,,,,,,
15,85632aea-afb6-405c-87de-1dcaefa9f6b9,2,default,1D,7,0.9010417,0.80859375,0.7473958,0.43489584,0.23177083,0.095052086,0.00390625,,,,,,,,,,,,,,,,,,,,,,,,,,,,,,,,,
15,85632aea-afb6-405c-87de-1dcaefa9f6b9,2,default,2D,7,0.11859685,0.20148242,0.26189682,0.59745055,0.75736046,0.9240389,1,,,,,,,,,,,,,,,,,,,,,,,,,,,,,,,,,
15,85632aea-afb6-405c-87de-1dcaefa9f6b9,3,gray,Complex,4,0.8995404,0.70315456,0.41568628,0.18752155,,,,,,,,,,,,,,,,,,,,,,,,,,,,,,,,,,,,
15,85632aea-afb6-405c-87de-1dcaefa9f6b9,3,gray,2D,3,0.2462005,0.5745302,0.8540754,,,,,,,,,,,,,,,,,,,,,,,,,,,,,,,,,,,,,
15,85632aea-afb6-405c-87de-1dcaefa9f6b9,3,gray,1D,4,0.85807294,0.6614583,0.53776044,0.3125,0.17317708,0.016927084,,,,,,,,,,,,,,,,,,,,,,,,,,,,,,,,,,
19,1f5b2b66-aa4c-48b3-9cea-7b1490bcd126,0,gray,1D,12,0.11328125,0.15104167,0.1796875,0.2265625,0.2578125,0.28515625,0.3268229,0.3841146,0.47916666,0.5885417,0.6979167,0.19661458,,,,,,,,,,,,,,,,,,,,,,,,,,,,
19,1f5b2b66-aa4c-48b3-9cea-7b1490bcd126,0,gray,2D,11,0.51064247,0.6071284,0.6634699,0.6991593,0.73731494,0.7674873,0.79574233,0.8110171,,,,,,,,,,,,,,,,,,,,,,,,,,,,,,,,
19,1f5b2b66-aa4c-48b3-9cea-7b1490bcd126,0,gray,Complex,11,0.12288603,0.22297303,0.34921876,0.41890317,0.49522644,0.4481011,0.4745098,0.5267923,0.55670714,0.57254905,0.75255656,0.8695488,,,,,,,,,,,,,,,,,,,,,,,,,,,,
19,1f5b2b66-aa4c-48b3-9cea-7b1490bcd126,1,default,1D,10,0.88151044,0.76171875,0.7109375,0.62630206,0.40104166,0.3450521,0.2591146,0.22916667,0.079427086,,,,,,,,,,,,,,,,,,,,,,,,,,,,,,,
19,1f5b2b66-aa4c-48b3-9cea-7b1490bcd126,1,default,Complex,7,0.06989698,0.099969365,0.16171876,0.23777573,0.31960785,0.4250766,0.645008,0.75632995,0.8857384,,,,,,,,,,,,,,,,,,,,,,,,,,,,,,,
19,1f5b2b66-aa4c-48b3-9cea-7b1490bcd126,1,default,2D,7,0.9692714,0.91230613,0.7903335,0.766643,0.7086396,0.5911229,0.35174572,0.27383402,0.23753655,0.11981997,,,,,,,,,,,,,,,,,,,,,,,,,,,,,,
19,1f5b2b66-aa4c-48b3-9cea-7b1490bcd126,2,jet,2D,12,0.9854526,0.9412108,0.8765874,0.8299124,0.788925,0.6515727,0.61977524,0.47146204,0.34576628,0.23438947,0.104166664,0.041990925,,,,,,,,,,,,,,,,,,,,,,,,,,,,
19,1f5b2b66-aa4c-48b3-9cea-7b1490bcd126,2,jet,1D,11,0.06640625,0.12630208,0.20052083,0.24869792,0.35416666,0.38541666,0.4674479,0.53125,0.6458333,0.69401044,0.78125,0.87109375,0.8958333,,,,,,,,,,,,,,,,,,,,,,,,,,,
19,1f5b2b66-aa4c-48b3-9cea-7b1490bcd126,2,jet,Complex,10,0.19782476,0.2492805,0.3098401,0.36603346,0.395886,0.52484727,0.58112746,0.64512426,0.7039675,0.7980416,0.89994776,0.7522918,,,,,,,,,,,,,,,,,,,,,,,,,,,,
19,1f5b2b66-aa4c-48b3-9cea-7b1490bcd126,3,kindlmann,2D,11,0.96350646,0.8886163,0.78234726,0.7512152,0.70365524,0.6308429,0.58322287,0.5052352,0.38612863,0.28939077,0.17571855,0.063040204,0.013020833,,,,,,,,,,,,,,,,,,,,,,,,,,,
19,1f5b2b66-aa4c-48b3-9cea-7b1490bcd126,3,kindlmann,Complex,16,0.06852022,0.13159467,0.21911764,0.16078432,0.3137182,0.37076393,0.4546875,0.42913604,0.5019608,0.51686937,0.5447189,0.6382236,0.68153167,0.7512845,0.8199142,0.9208027,0.85726357,,,,,,,,,,,,,,,,,,,,,,,
19,1f5b2b66-aa4c-48b3-9cea-7b1490bcd126,3,kindlmann,1D,13,0.053385418,0.114583336,0.20703125,0.25260416,0.29296875,0.32552084,0.34375,0.3671875,0.37890625,0.38802084,0.4049479,0.4127604,0.4309896,0.4453125,0.45833334,0.47395834,0.4908854,0.5260417,0.5625,0.57682294,0.5885417,0.609375,0.70703125,0.8098958,0.8619792,0.93098956,,,,,,,,,,,,,,
24,6fac6fc3-e234-4b37-b5ef-1129998b7ffd,0,gray,2D,24,0.98210233,0.9455743,0.91108626,0.8823245,0.8535631,0.81676227,0.7787895,0.7471463,0.720978,0.6899469,0.6589365,0.62665254,0.5878729,0.53296417,0.4758291,0.56303626,0.5084598,0.44721964,0.40886247,0.38139263,0.35449204,0.32229653,0.29317412,0.2438479,0.18796961,0.14093812,,,,,,,,,,,,,,
24,6fac6fc3-e234-4b37-b5ef-1129998b7ffd,0,gray,1D,20,0.02734375,0.063802086,0.11328125,0.16145833,0.22395833,0.26822916,0.375,0.50911456,0.57161456,0.6197917,0.6692708,0.72005206,0.7682292,0.8098958,0.85546875,0.9010417,0.9479167,0.3216146,0.4440104,,,,,,,,,,,,,,,,,,,,,
24,6fac6fc3-e234-4b37-b5ef-1129998b7ffd,0,gray,Complex,6,0.6562653,0.5714286,0.8102454,0.24716605,0.1299934,0.40643382,,,,,,,,,,,,,,,,,,,,,,,,,,,,,,,,,,
24,6fac6fc3-e234-4b37-b5ef-1129998b7ffd,1,kindlmann,2D,5,0.16105881,0.2748352,0.59923565,0.87167645,0.057113837,,,,,,,,,,,,,,,,,,,,,,,,,,,,,,,,,,,
24,6fac6fc3-e234-4b37-b5ef-1129998b7ffd,1,kindlmann,Complex,4,0.93486893,0.8843916,0.8368719,0.7672301,0.50922817,0.16830516,,,,,,,,,,,,,,,,,,,,,,,,,,,,,,,,,,
24,6fac6fc3-e234-4b37-b5ef-1129998b7ffd,1,kindlmann,1D,5,0.92578125,0.83203125,0.7421875,0.44791666,0.108072914,,,,,,,,,,,,,,,,,,,,,,,,,,,,,,,,,,,
24,6fac6fc3-e234-4b37-b5ef-1129998b7ffd,2,jet,Complex,6,0.22393122,0.3770764,0.52205884,0.65989584,0.7834159,0.91426164,0.9661305,0.87158006,,,,,,,,,,,,,,,,,,,,,,,,,,,,,,,,
24,6fac6fc3-e234-4b37-b5ef-1129998b7ffd,2,jet,1D,6,0.17057292,0.3763021,0.52213544,0.64192706,0.77994794,0.9010417,,,,,,,,,,,,,,,,,,,,,,,,,,,,,,,,,,
24,6fac6fc3-e234-4b37-b5ef-1129998b7ffd,2,jet,2D,10,0.06073908,0.027682671,0.109405994,0.19298966,0.32937303,0.6246961,0.46293414,0.8161394,0.9098088,0.98341346,,,,,,,,,,,,,,,,,,,,,,,,,,,,,,
24,6fac6fc3-e234-4b37-b5ef-1129998b7ffd,3,default,1D,6,0.24479167,0.38802084,0.75390625,0.890625,0.11328125,0.002604167,,,,,,,,,,,,,,,,,,,,,,,,,,,,,,,,,,
24,6fac6fc3-e234-4b37-b5ef-1129998b7ffd,3,default,Complex,6,0.9175675,0.837163,0.75681514,0.69247943,0.3540912,0.22156145,,,,,,,,,,,,,,,,,,,,,,,,,,,,,,,,,,
24,6fac6fc3-e234-4b37-b5ef-1129998b7ffd,3,default,2D,6,0.10990077,0.14464265,0.23340367,0.26557395,0.6126935,0.7634296,0.9083317,,,,,,,,,,,,,,,,,,,,,,,,,,,,,,,,,
21,9f991ecf-68ee-468d-aa5b-5e0bac899520,0,gray,2D,4,0.45615306,0.10484803,0.72634315,0.9462733,,,,,,,,,,,,,,,,,,,,,,,,,,,,,,,,,,,,
21,9f991ecf-68ee-468d-aa5b-5e0bac899520,0,gray,1D,4,0.8411458,0.5859375,0.26171875,,,,,,,,,,,,,,,,,,,,,,,,,,,,,,,,,,,,,
21,9f991ecf-68ee-468d-aa5b-5e0bac899520,0,gray,Complex,5,0.89234066,0.5946836,0.46875694,0.18314855,,,,,,,,,,,,,,,,,,,,,,,,,,,,,,,,,,,,
21,9f991ecf-68ee-468d-aa5b-5e0bac899520,1,jet,2D,9,0.06431817,0.20735447,0.35198665,0.5166827,0.62813884,0.77086854,0.8622152,0.99908066,,,,,,,,,,,,,,,,,,,,,,,,,,,,,,,,
21,9f991ecf-68ee-468d-aa5b-5e0bac899520,1,jet,Complex,9,0.98039216,0.8354229,0.66631097,0.57596636,0.47020528,0.3802717,0.2633527,0.0627451,,,,,,,,,,,,,,,,,,,,,,,,,,,,,,,,
21,9f991ecf-68ee-468d-aa5b-5e0bac899520,1,jet,1D,11,0.90494794,0.8125,0.7317708,0.66796875,0.6458333,0.52213544,0.3684896,0.22265625,0.122395836,0.0703125,,,,,,,,,,,,,,,,,,,,,,,,,,,,,,
21,9f991ecf-68ee-468d-aa5b-5e0bac899520,2,default,Complex,8,0.8846354,0.78013176,0.74920344,0.60750616,0.39707798,0.21170326,0.13109681,,,,,,,,,,,,,,,,,,,,,,,,,,,,,,,,,
21,9f991ecf-68ee-468d-aa5b-5e0bac899520,2,default,1D,9,0.8854167,0.77994794,0.75,0.37109375,0.25390625,0.23958333,0.0859375,0.33203125,,,,,,,,,,,,,,,,,,,,,,,,,,,,,,,,
21,9f991ecf-68ee-468d-aa5b-5e0bac899520,2,default,2D,7,0.09882117,0.23502515,0.27522972,0.6049407,0.75397706,0.927321,,,,,,,,,,,,,,,,,,,,,,,,,,,,,,,,,,
21,9f991ecf-68ee-468d-aa5b-5e0bac899520,3,kindlmann,Complex,6,0.8487132,0.73498774,0.526057,0.18469203,0.13109681,,,,,,,,,,,,,,,,,,,,,,,,,,,,,,,,,,,
21,9f991ecf-68ee-468d-aa5b-5e0bac899520,3,kindlmann,2D,7,0.1793853,0.2636518,0.49115992,0.83330894,0.9416178,0.97016305,0.98187786,0.9536229,,,,,,,,,,,,,,,,,,,,,,,,,,,,,,,,
21,9f991ecf-68ee-468d-aa5b-5e0bac899520,3,kindlmann,1D,7,0.9270833,0.8645833,0.73307294,0.49609375,0.15885417,0.110677086,,,,,,,,,,,,,,,,,,,,,,,,,,,,,,,,,,
11,b3e0516c-dbee-4639-8745-edc739e29ca9,0,jet,Complex,9,0.06559436,0.21529762,0.34673715,0.4682258,0.65275735,0.77988666,0.9206869,0.7258272,,,,,,,,,,,,,,,,,,,,,,,,,,,,,,,,
11,b3e0516c-dbee-4639-8745-edc739e29ca9,0,jet,1D,10,0.9296875,0.82682294,0.76432294,0.5390625,0.3763021,0.65494794,0.21875,0.110677086,0.0546875,,,,,,,,,,,,,,,,,,,,,,,,,,,,,,,
11,b3e0516c-dbee-4639-8745-edc739e29ca9,0,jet,2D,8,0.9809658,0.81709856,0.6321477,0.50714433,0.35056767,0.22895943,0.078125,,,,,,,,,,,,,,,,,,,,,,,,,,,,,,,,,
11,b3e0516c-dbee-4639-8745-edc739e29ca9,1,gray,Complex,4,0.20645848,0.46208215,0.8623468,,,,,,,,,,,,,,,,,,,,,,,,,,,,,,,,,,,,,
11,b3e0516c-dbee-4639-8745-edc739e29ca9,1,gray,2D,4,0.9249888,0.6682365,0.19239135,,,,,,,,,,,,,,,,,,,,,,,,,,,,,,,,,,,,,
11,b3e0516c-dbee-4639-8745-edc739e29ca9,1,gray,1D,5,0.859375,0.60026044,0.38802084,0.18619792,,,,,,,,,,,,,,,,,,,,,,,,,,,,,,,,,,,,
11,b3e0516c-dbee-4639-8745-edc739e29ca9,2,default,2D,7,0.9314511,0.7718181,0.6836471,0.32739046,0.22969872,0.13626537,,,,,,,,,,,,,,,,,,,,,,,,,,,,,,,,,,
11,b3e0516c-dbee-4639-8745-edc739e29ca9,2,default,1D,7,0.8932292,0.7890625,0.7421875,0.38802084,0.23697917,0.0859375,,,,,,,,,,,,,,,,,,,,,,,,,,,,,,,,,,
11,b3e0516c-dbee-4639-8745-edc739e29ca9,2,default,Complex,7,0.10738561,0.2223652,0.31873977,0.64428616,0.7704197,0.88143384,,,,,,,,,,,,,,,,,,,,,,,,,,,,,,,,,,
11,b3e0516c-dbee-4639-8745-edc739e29ca9,3,kindlmann,1D,7,0.9427083,0.82161456,0.72265625,0.4908854,0.19661458,0.10546875,,,,,,,,,,,,,,,,,,,,,,,,,,,,,,,,,,
11,b3e0516c-dbee-4639-8745-edc739e29ca9,3,kindlmann,Complex,8,0.13017039,0.29229137,0.453125,0.7162071,0.8121783,0.9278592,0.32111052,,,,,,,,,,,,,,,,,,,,,,,,,,,,,,,,,
11,b3e0516c-dbee-4639-8745-edc739e29ca9,3,kindlmann,2D,8,0.9372721,0.8853937,0.6188061,0.28915635,0.5619813,0.18305272,0.06073908,,,,,,,,,,,,,,,,,,,,,,,,,,,,,,,,,
5,873c0095-6691-42df-b8e6-5a49d427dac7,0,default,Complex,5,0.1444853,0.33671564,0.5977941,0.74869794,,,,,,,,,,,,,,,,,,,,,,,,,,,,,,,,,,,,
5,873c0095-6691-42df-b8e6-5a49d427dac7,0,default,1D,7,0.118489586,0.24479167,0.8723958,0.75390625,0.39453125,,,,,,,,,,,,,,,,,,,,,,,,,,,,,,,,,,,
5,873c0095-6691-42df-b8e6-5a49d427dac7,0,default,2D,7,0.9307118,0.75160784,0.6041723,0.35579053,0.24690191,0.121979564,,,,,,,,,,,,,,,,,,,,,,,,,,,,,,,,,,
5,873c0095-6691-42df-b8e6-5a49d427dac7,1,gray,Complex,4,0.12166018,0.5255036,0.93226105,0.2561734,,,,,,,,,,,,,,,,,,,,,,,,,,,,,,,,,,,,
5,873c0095-6691-42df-b8e6-5a49d427dac7,1,gray,2D,6,0.93553036,0.940782,0.6906886,0.45958194,0.21826893,0.07254369,,,,,,,,,,,,,,,,,,,,,,,,,,,,,,,,,,
5,873c0095-6691-42df-b8e6-5a49d427dac7,1,gray,1D,8,0.09375,0.1796875,0.265625,0.484375,0.58723956,0.3828125,0.69140625,0.7864583,,,,,,,,,,,,,,,,,,,,,,,,,,,,,,,,
5,873c0095-6691-42df-b8e6-5a49d427dac7,2,jet,1D,11,0.071614586,0.13802083,0.203125,0.34895834,0.3984375,0.49609375,0.7604167,0.89192706,0.65494794,0.62109375,,,,,,,,,,,,,,,,,,,,,,,,,,,,,,
5,873c0095-6691-42df-b8e6-5a49d427dac7,2,jet,2D,9,0.9906861,0.7892172,0.6543924,0.56644064,0.47428015,0.35563803,0.22086342,0.099675305,0.029115468,0.87327,,,,,,,,,,,,,,,,,,,,,,,,,,,,,,
5,873c0095-6691-42df-b8e6-5a49d427dac7,2,jet,Complex,7,0.22251838,0.34399498,0.52277327,0.64705884,0.74553365,0.793767,0.918076,0.98031557,,,,,,,,,,,,,,,,,,,,,,,,,,,,,,,,
5,873c0095-6691-42df-b8e6-5a49d427dac7,3,kindlmann,1D,8,0.115885414,0.1796875,0.3138021,0.47916666,0.4127604,0.7161458,0.8177083,0.92838544,,,,,,,,,,,,,,,,,,,,,,,,,,,,,,,,
5,873c0095-6691-42df-b8e6-5a49d427dac7,3,kindlmann,Complex,7,0.144537,0.46595147,0.5235872,0.7416973,0.8304485,0.9496936,,,,,,,,,,,,,,,,,,,,,,,,,,,,,,,,,,
5,873c0095-6691-42df-b8e6-5a49d427dac7,3,kindlmann,2D,7,0.9783699,0.9772046,0.64759505,0.8810439,0.56532013,0.28336397,0.16439286,0.06271664,,,,,,,,,,,,,,,,,,,,,,,,,,,,,,,,
13,9a210838-5865-4ce1-81d1-afb0ff5629d3,0,kindlmann,1D,6,0.11328125,0.42578125,0.7161458,0.8151042,0.93098956,,,,,,,,,,,,,,,,,,,,,,,,,,,,,,,,,,,
13,9a210838-5865-4ce1-81d1-afb0ff5629d3,0,kindlmann,2D,5,0.15904616,0.06557124,0.24253726,0.81791145,0.8781604,0.5369701,,,,,,,,,,,,,,,,,,,,,,,,,,,,,,,,,,
13,9a210838-5865-4ce1-81d1-afb0ff5629d3,0,kindlmann,Complex,7,0.9296103,0.8325674,0.7428692,0.5752457,0.20407392,0.1404796,,,,,,,,,,,,,,,,,,,,,,,,,,,,,,,,,,
13,9a210838-5865-4ce1-81d1-afb0ff5629d3,1,default,1D,5,0.078125,0.2421875,0.37760416,0.75130206,0.89973956,,,,,,,,,,,,,,,,,,,,,,,,,,,,,,,,,,,
13,9a210838-5865-4ce1-81d1-afb0ff5629d3,1,default,Complex,6,0.90470284,0.7688419,0.7384755,0.6093307,0.3903033,0.26209483,0.07280357,,,,,,,,,,,,,,,,,,,,,,,,,,,,,,,,,
13,9a210838-5865-4ce1-81d1-afb0ff5629d3,1,default,2D,6,0.10626149,0.22397347,0.26303372,0.61264926,0.75825983,0.91164064,,,,,,,,,,,,,,,,,,,,,,,,,,,,,,,,,,
13,9a210838-5865-4ce1-81d1-afb0ff5629d3,2,jet,2D,10,0.015840529,0.098958336,0.20319176,0.36243787,0.6225919,0.80008966,0.8834614,0.9410271,0.99908406,0.5032784,,,,,,,,,,,,,,,,,,,,,,,,,,,,,,
13,9a210838-5865-4ce1-81d1-afb0ff5629d3,2,jet,1D,7,0.03125,0.1171875,0.20052083,0.3606771,0.6354167,0.78776044,0.91536456,,,,,,,,,,,,,,,,,,,,,,,,,,,,,,,,,
13,9a210838-5865-4ce1-81d1-afb0ff5629d3,2,jet,Complex,10,0.9775735,0.92141545,0.81512237,0.68747574,0.6467065,0.54328996,0.35981756,0.20069796,0.09388978,,,,,,,,,,,,,,,,,,,,,,,,,,,,,,,
13,9a210838-5865-4ce1-81d1-afb0ff5629d3,3,gray,Complex,5,0.9700214,0.7796875,0.580913,0.21559915,,,,,,,,,,,,,,,,,,,,,,,,,,,,,,,,,,,,
13,9a210838-5865-4ce1-81d1-afb0ff5629d3,3,gray,1D,3,0.13541667,0.58984375,0.9505208,,,,,,,,,,,,,,,,,,,,,,,,,,,,,,,,,,,,,
13,9a210838-5865-4ce1-81d1-afb0ff5629d3,3,gray,2D,3,0.08846504,0.61159676,0.89613986,,,,,,,,,,,,,,,,,,,,,,,,,,,,,,,,,,,,,
22,47446275-c491-44db-9b55-c3759d661224,0,gray,1D,3,0.14583333,0.64713544,0.54296875,0.4375,0.24088542,0.34895834,0.7838542,,,,,,,,,,,,,,,,,,,,,,,,,,,,,,,,,
22,47446275-c491-44db-9b55-c3759d661224,0,gray,2D,4,1,0.30002216,0.09084773,0.5409212,0.69175315,0.84936565,,,,,,,,,,,,,,,,,,,,,,,,,,,,,,,,,,
22,47446275-c491-44db-9b55-c3759d661224,0,gray,Complex,5,0.47828045,0.15943627,0.023529412,0.03782169,0.3802862,0.7703568,0.5921569,,,,,,,,,,,,,,,,,,,,,,,,,,,,,,,,,
22,47446275-c491-44db-9b55-c3759d661224,1,jet,Complex,6,0.2334633,0.32477164,0.46524203,0.6483274,0.76191837,0.9166212,,,,,,,,,,,,,,,,,,,,,,,,,,,,,,,,,,
22,47446275-c491-44db-9b55-c3759d661224,1,jet,2D,6,1,0.81016374,0.62853277,0.46675646,0.32065108,0.19918044,,,,,,,,,,,,,,,,,,,,,,,,,,,,,,,,,,
22,47446275-c491-44db-9b55-c3759d661224,1,jet,1D,7,0.74869794,0.625,0.4986979,0.34895834,0.18229167,0.86588544,,,,,,,,,,,,,,,,,,,,,,,,,,,,,,,,,,
22,47446275-c491-44db-9b55-c3759d661224,2,kindlmann,2D,7,1,0.98542506,0.9599772,0.8604081,0.74804884,0.6281874,0.4502724,0.23548637,0.15373409,,,,,,,,,,,,,,,,,,,,,,,,,,,,,,,
22,47446275-c491-44db-9b55-c3759d661224,2,kindlmann,1D,6,0.67578125,0.5026042,0.32552084,0.13541667,0.83203125,,,,,,,,,,,,,,,,,,,,,,,,,,,,,,,,,,,
22,47446275-c491-44db-9b55-c3759d661224,2,kindlmann,Complex,6,0.10263732,0.28530398,0.46169075,0.74019605,0.8218734,0.86306846,,,,,,,,,,,,,,,,,,,,,,,,,,,,,,,,,,
22,47446275-c491-44db-9b55-c3759d661224,3,default,2D,6,0.96601945,0.7450375,0.4716418,0.264371,0.16189876,0.06531217,,,,,,,,,,,,,,,,,,,,,,,,,,,,,,,,,,
22,47446275-c491-44db-9b55-c3759d661224,3,default,Complex,5,0.21758579,0.38380823,0.4855339,0.64215153,0.72519505,,,,,,,,,,,,,,,,,,,,,,,,,,,,,,,,,,,
22,47446275-c491-44db-9b55-c3759d661224,3,default,1D,5,0.82161456,0.13411458,0.4765625,0.66276044,0.2981771,,,,,,,,,,,,,,,,,,,,,,,,,,,,,,,,,,,
1,1fd70f95-9e03-4dc1-bccd-14814d52a54f,0,default,1D,8,0.078125,0.20963542,0.30208334,0.38020834,0.73828125,0.8697917,0.79817706,,,,,,,,,,,,,,,,,,,,,,,,,,,,,,,,,
1,1fd70f95-9e03-4dc1-bccd-14814d52a54f,0,default,2D,7,0.13453741,0.22953628,0.29966027,0.59211445,0.7373517,0.76838803,0.94272274,,,,,,,,,,,,,,,,,,,,,,,,,,,,,,,,,
1,1fd70f95-9e03-4dc1-bccd-14814d52a54f,0,default,Complex,7,0.8672028,0.78786767,0.72947305,0.39961705,0.22123162,0.09075904,0.6289675,0.14637332,,,,,,,,,,,,,,,,,,,,,,,,,,,,,,,,
1,1fd70f95-9e03-4dc1-bccd-14814d52a54f,1,jet,1D,8,0.076822914,0.19791667,0.35416666,0.6276042,0.7916667,0.8958333,0.4986979,0.671875,,,,,,,,,,,,,,,,,,,,,,,,,,,,,,,,
1,1fd70f95-9e03-4dc1-bccd-14814d52a54f,1,jet,Complex,12,0.9766659,0.9220805,0.88628983,0.777405,0.66729474,0.6333946,0.5265648,0.3452504,0.19577086,0.30790585,0.031739477,0.07173749,,,,,,,,,,,,,,,,,,,,,,,,,,,,
1,1fd70f95-9e03-4dc1-bccd-14814d52a54f,1,jet,2D,15,0.011048543,0.021474509,0.033954177,0.09981129,0.067758396,0.20319176,0.33734766,0.39537048,0.4714189,0.5990998,0.6458806,0.81250423,0.87761956,0.9933624,0.9570906,,,,,,,,,,,,,,,,,,,,,,,,,
1,1fd70f95-9e03-4dc1-bccd-14814d52a54f,2,kindlmann,Complex,13,0.95885414,0.9266918,0.88219976,0.83263177,0.7371579,0.6821307,0.60090095,0.54933554,0.4734538,0.34519708,0.25981984,0.16380459,0.09941981,,,,,,,,,,,,,,,,,,,,,,,,,,,
1,1fd70f95-9e03-4dc1-bccd-14814d52a54f,2,kindlmann,2D,14,0.034938563,0.06447614,0.12228497,0.18156476,0.25293955,0.2893556,0.39150074,0.5343303,0.6334605,0.7144962,0.8880361,0.82072574,0.7460199,,,,,,,,,,,,,,,,,,,,,,,,,,,
1,1fd70f95-9e03-4dc1-bccd-14814d52a54f,2,kindlmann,1D,15,0.9505208,0.90494794,0.8776042,0.81901044,0.78255206,0.7161458,0.60807294,0.546875,0.48958334,0.3658854,0.111979164,0.15104167,0.20052083,0.25260416,0.4296875,,,,,,,,,,,,,,,,,,,,,,,,,
1,1fd70f95-9e03-4dc1-bccd-14814d52a54f,3,gray,2D,3,0.03294039,0.862793,0.53588283,,,,,,,,,,,,,,,,,,,,,,,,,,,,,,,,,,,,,
1,1fd70f95-9e03-4dc1-bccd-14814d52a54f,3,gray,Complex,7,0.95226717,0.8596201,0.80877364,0.59057903,0.5260364,0.15117666,0.3647059,0.68434435,,,,,,,,,,,,,,,,,,,,,,,,,,,,,,,,
1,1fd70f95-9e03-4dc1-bccd-14814d52a54f,3,gray,1D,10,0.071614586,0.125,0.17057292,0.22916667,0.2890625,0.48046875,0.72005206,0.8359375,0.9453125,0.57682294,0.38020834,,,,,,,,,,,,,,,,,,,,,,,,,,,,,
12,951cbe28-5380-4b9a-b517-12dee9098ead,0,jet,2D,3,0.35249683,0.63789326,,,,,,,,,,,,,,,,,,,,,,,,,,,,,,,,,,,,,,
12,951cbe28-5380-4b9a-b517-12dee9098ead,0,jet,1D,3,0.76432294,0.37239584,,,,,,,,,,,,,,,,,,,,,,,,,,,,,,,,,,,,,,
12,951cbe28-5380-4b9a-b517-12dee9098ead,0,jet,Complex,4,0.81226504,0.671646,0.48153242,0.29059437,,,,,,,,,,,,,,,,,,,,,,,,,,,,,,,,,,,,
12,951cbe28-5380-4b9a-b517-12dee9098ead,1,gray,2D,2,0.91821903,0.034743916,,,,,,,,,,,,,,,,,,,,,,,,,,,,,,,,,,,,,,
12,951cbe28-5380-4b9a-b517-12dee9098ead,1,gray,Complex,4,0.85646445,0.48227635,0.23509234,,,,,,,,,,,,,,,,,,,,,,,,,,,,,,,,,,,,,
12,951cbe28-5380-4b9a-b517-12dee9098ead,1,gray,1D,2,0.1796875,,,,,,,,,,,,,,,,,,,,,,,,,,,,,,,,,,,,,,,
12,951cbe28-5380-4b9a-b517-12dee9098ead,2,kindlmann,Complex,4,0.8115413,0.52559745,0.22202969,,,,,,,,,,,,,,,,,,,,,,,,,,,,,,,,,,,,,
12,951cbe28-5380-4b9a-b517-12dee9098ead,2,kindlmann,1D,4,0.10546875,0.4296875,0.81380206,,,,,,,,,,,,,,,,,,,,,,,,,,,,,,,,,,,,,
12,951cbe28-5380-4b9a-b517-12dee9098ead,2,kindlmann,2D,4,0.19010417,0.49063495,0.89111215,,,,,,,,,,,,,,,,,,,,,,,,,,,,,,,,,,,,,
12,951cbe28-5380-4b9a-b517-12dee9098ead,3,default,Complex,4,0.8058864,0.46992955,0.29690167,,,,,,,,,,,,,,,,,,,,,,,,,,,,,,,,,,,,,
12,951cbe28-5380-4b9a-b517-12dee9098ead,3,default,2D,4,0.23330194,0.61033136,0.9364758,,,,,,,,,,,,,,,,,,,,,,,,,,,,,,,,,,,,,
12,951cbe28-5380-4b9a-b517-12dee9098ead,3,default,1D,4,0.096354164,0.39453125,0.77473956,,,,,,,,,,,,,,,,,,,,,,,,,,,,,,,,,,,,,
8,205128a4-e95c-47e0-99b2-c59a025799b1,0,jet,Complex,5,0.43275124,0.6562378,0.9062823,0.20218386,0.78474265,,,,,,,,,,,,,,,,,,,,,,,,,,,,,,,,,,,
8,205128a4-e95c-47e0-99b2-c59a025799b1,0,jet,1D,4,0.203125,0.48958334,0.77213544,,,,,,,,,,,,,,,,,,,,,,,,,,,,,,,,,,,,,
8,205128a4-e95c-47e0-99b2-c59a025799b1,0,jet,2D,5,0.9876798,0.8084879,0.632448,0.35190955,0.17383666,,,,,,,,,,,,,,,,,,,,,,,,,,,,,,,,,,,
8,205128a4-e95c-47e0-99b2-c59a025799b1,1,default,Complex,5,0.26671377,0.47314644,0.7109988,0.8825674,,,,,,,,,,,,,,,,,,,,,,,,,,,,,,,,,,,,
8,205128a4-e95c-47e0-99b2-c59a025799b1,1,default,2D,4,0.9464453,0.69283074,0.3777478,0.19012201,,,,,,,,,,,,,,,,,,,,,,,,,,,,,,,,,,,,
8,205128a4-e95c-47e0-99b2-c59a025799b1,1,default,1D,5,0.140625,0.62109375,0.3763021,0.8828125,,,,,,,,,,,,,,,,,,,,,,,,,,,,,,,,,,,,
8,205128a4-e95c-47e0-99b2-c59a025799b1,2,gray,1D,7,0.125,0.25260416,0.40364584,0.56640625,0.7135417,0.8645833,,,,,,,,,,,,,,,,,,,,,,,,,,,,,,,,,,
8,205128a4-e95c-47e0-99b2-c59a025799b1,2,gray,Complex,5,0.972748,0.5387969,0.26996017,0.13985907,,,,,,,,,,,,,,,,,,,,,,,,,,,,,,,,,,,,
8,205128a4-e95c-47e0-99b2-c59a025799b1,2,gray,2D,5,0.90288,0.71981543,0.53328854,0.37595725,0.19781385,,,,,,,,,,,,,,,,,,,,,,,,,,,,,,,,,,,
8,205128a4-e95c-47e0-99b2-c59a025799b1,3,kindlmann,1D,10,0.111979164,0.20442708,0.3203125,0.41015625,0.50130206,0.6015625,0.70963544,0.81640625,0.9036458,,,,,,,,,,,,,,,,,,,,,,,,,,,,,,,
8,205128a4-e95c-47e0-99b2-c59a025799b1,3,kindlmann,2D,9,0.9437437,0.86981505,0.7783148,0.6728685,0.57895726,0.45854783,0.32614523,0.19159658,0.058925565,,,,,,,,,,,,,,,,,,,,,,,,,,,,,,,
8,205128a4-e95c-47e0-99b2-c59a025799b1,3,kindlmann,Complex,7,0.97003675,0.8675456,0.7621358,0.5385785,0.29160538,0.14579277,,,,,,,,,,,,,,,,,,,,,,,,,,,,,,,,,,
3,9253e784-1b6f-42f1-8a68-9eee3409555f,0,default,2D,2,0.7599528,0.23789316,,,,,,,,,,,,,,,,,,,,,,,,,,,,,,,,,,,,,,
3,9253e784-1b6f-42f1-8a68-9eee3409555f,0,default,1D,2,0.24088542,0.75911456,,,,,,,,,,,,,,,,,,,,,,,,,,,,,,,,,,,,,,
3,9253e784-1b6f-42f1-8a68-9eee3409555f,0,default,Complex,1,0.7439951,,,,,,,,,,,,,,,,,,,,,,,,,,,,,,,,,,,,,,,
3,9253e784-1b6f-42f1-8a68-9eee3409555f,1,kindlmann,2D,3,0.88222843,0.20011456,0.27810988,,,,,,,,,,,,,,,,,,,,,,,,,,,,,,,,,,,,,
3,9253e784-1b6f-42f1-8a68-9eee3409555f,1,kindlmann,Complex,1,0.49964768,,,,,,,,,,,,,,,,,,,,,,,,,,,,,,,,,,,,,,,
3,9253e784-1b6f-42f1-8a68-9eee3409555f,1,kindlmann,1D,2,0.12630208,0.81380206,0.111979164,,,,,,,,,,,,,,,,,,,,,,,,,,,,,,,,,,,,,
3,9253e784-1b6f-42f1-8a68-9eee3409555f,2,jet,1D,4,0.08203125,0.3815104,0.66276044,0.890625,,,,,,,,,,,,,,,,,,,,,,,,,,,,,,,,,,,,
3,9253e784-1b6f-42f1-8a68-9eee3409555f,2,jet,2D,4,0.85290337,0.6250271,0.3702407,0.0931695,,,,,,,,,,,,,,,,,,,,,,,,,,,,,,,,,,,,
3,9253e784-1b6f-42f1-8a68-9eee3409555f,2,jet,Complex,1,0.6531556,,,,,,,,,,,,,,,,,,,,,,,,,,,,,,,,,,,,,,,
3,9253e784-1b6f-42f1-8a68-9eee3409555f,3,gray,1D,1,0.05859375,,,,,,,,,,,,,,,,,,,,,,,,,,,,,,,,,,,,,,,
3,9253e784-1b6f-42f1-8a68-9eee3409555f,3,gray,Complex,1,0.5139117,,,,,,,,,,,,,,,,,,,,,,,,,,,,,,,,,,,,,,,
3,9253e784-1b6f-42f1-8a68-9eee3409555f,3,gray,2D,1,0.8354344,,,,,,,,,,,,,,,,,,,,,,,,,,,,,,,,,,,,,,,
9,5aacce0e-9602-41a8-9e39-e3bf9d6955ba,0,jet,2D,4,0.20112868,0.33302802,0.6058536,0.9720556,,,,,,,,,,,,,,,,,,,,,,,,,,,,,,,,,,,,
9,5aacce0e-9602-41a8-9e39-e3bf9d6955ba,0,jet,1D,4,0.4609375,0.6015625,0.7682292,,,,,,,,,,,,,,,,,,,,,,,,,,,,,,,,,,,,,
9,5aacce0e-9602-41a8-9e39-e3bf9d6955ba,0,jet,Complex,3,0.68236196,0.50365335,0.23134275,,,,,,,,,,,,,,,,,,,,,,,,,,,,,,,,,,,,,
9,5aacce0e-9602-41a8-9e39-e3bf9d6955ba,1,kindlmann,2D,3,0.16790313,0.26944003,0.5052889,0.8633627,,,,,,,,,,,,,,,,,,,,,,,,,,,,,,,,,,,,
9,5aacce0e-9602-41a8-9e39-e3bf9d6955ba,1,kindlmann,Complex,5,0.8334083,0.7523799,0.48707107,0.15047775,,,,,,,,,,,,,,,,,,,,,,,,,,,,,,,,,,,,
9,5aacce0e-9602-41a8-9e39-e3bf9d6955ba,1,kindlmann,1D,6,0.104166664,0.19270833,0.41145834,0.70442706,0.828125,,,,,,,,,,,,,,,,,,,,,,,,,,,,,,,,,,,
9,5aacce0e-9602-41a8-9e39-e3bf9d6955ba,2,default,Complex,5,0.85226715,0.7666054,0.6998468,0.41353545,0.16893382,,,,,,,,,,,,,,,,,,,,,,,,,,,,,,,,,,,
9,5aacce0e-9602-41a8-9e39-e3bf9d6955ba,2,default,1D,4,0.70442706,0.84375,0.40364584,,,,,,,,,,,,,,,,,,,,,,,,,,,,,,,,,,,,,
9,5aacce0e-9602-41a8-9e39-e3bf9d6955ba,2,default,2D,6,0.1388292,0.22680183,0.26609692,0.60370064,0.7641399,0.953854,,,,,,,,,,,,,,,,,,,,,,,,,,,,,,,,,,
9,5aacce0e-9602-41a8-9e39-e3bf9d6955ba,3,gray,1D,5,0.096354164,0.24739583,0.44010416,0.8151042,0.67838544,,,,,,,,,,,,,,,,,,,,,,,,,,,,,,,,,,,
9,5aacce0e-9602-41a8-9e39-e3bf9d6955ba,3,gray,Complex,4,0.8667227,0.69545937,0.49512658,0.23835282,,,,,,,,,,,,,,,,,,,,,,,,,,,,,,,,,,,,
9,5aacce0e-9602-41a8-9e39-e3bf9d6955ba,3,gray,2D,3,0.06675003,0.43094826,0.7168605,0.9781723,,,,,,,,,,,,,,,,,,,,,,,,,,,,,,,,,,,,
10,4bcd0e0a-efd9-485b-aeed-2fd961b1f15f,0,jet,1D,7,0.78255206,0.71744794,0.64713544,0.5390625,0.3736979,0.21223958,,,,,,,,,,,,,,,,,,,,,,,,,,,,,,,,,,
10,4bcd0e0a-efd9-485b-aeed-2fd961b1f15f,0,jet,2D,5,0.09389456,0.2085448,0.355943,0.62838167,0.8246331,,,,,,,,,,,,,,,,,,,,,,,,,,,,,,,,,,,
10,4bcd0e0a-efd9-485b-aeed-2fd961b1f15f,0,jet,Complex,6,0.88489586,0.7198339,0.51914567,0.36113665,0.66639096,0.20880103,,,,,,,,,,,,,,,,,,,,,,,,,,,,,,,,,,
10,4bcd0e0a-efd9-485b-aeed-2fd961b1f15f,1,kindlmann,Complex,4,0.7820006,0.54437494,0.41015953,0.1898435,,,,,,,,,,,,,,,,,,,,,,,,,,,,,,,,,,,,
10,4bcd0e0a-efd9-485b-aeed-2fd961b1f15f,1,kindlmann,2D,5,0.19209151,0.27437833,0.48791826,0.8131091,0.955172,,,,,,,,,,,,,,,,,,,,,,,,,,,,,,,,,,,
10,4bcd0e0a-efd9-485b-aeed-2fd961b1f15f,1,kindlmann,1D,5,0.82421875,0.71744794,0.48697916,0.1875,0.10546875,,,,,,,,,,,,,,,,,,,,,,,,,,,,,,,,,,,
10,4bcd0e0a-efd9-485b-aeed-2fd961b1f15f,2,gray,2D,2,0.041990925,0.91302687,,,,,,,,,,,,,,,,,,,,,,,,,,,,,,,,,,,,,,
10,4bcd0e0a-efd9-485b-aeed-2fd961b1f15f,2,gray,1D,2,0.87890625,0.22265625,,,,,,,,,,,,,,,,,,,,,,,,,,,,,,,,,,,,,,
10,4bcd0e0a-efd9-485b-aeed-2fd961b1f15f,2,gray,Complex,4,0.84598655,0.58447695,0.52348346,0.20308083,,,,,,,,,,,,,,,,,,,,,,,,,,,,,,,,,,,,
10,4bcd0e0a-efd9-485b-aeed-2fd961b1f15f,3,default,2D,6,0.09389456,0.19546868,0.26949036,0.59220606,0.7556438,0.9361717,,,,,,,,,,,,,,,,,,,,,,,,,,,,,,,,,,
10,4bcd0e0a-efd9-485b-aeed-2fd961b1f15f,3,default,Complex,5,0.886941,0.7824142,0.7437941,0.4081827,0.22220793,,,,,,,,,,,,,,,,,,,,,,,,,,,,,,,,,,,
10,4bcd0e0a-efd9-485b-aeed-2fd961b1f15f,3,default,1D,6,0.86588544,0.7864583,0.7265625,0.41796875,0.24739583,0.087239586,,,,,,,,,,,,,,,,,,,,,,,,,,,,,,,,,,
14,c6df894b-3f10-42e0-b661-a51d4f37b767,0,kindlmann,Complex,11,0.5019608,0.11873181,0.8330576,0.789231,0.4686503,0.44705883,0.21866192,0.14117648,0.5366881,,,,,,,,,,,,,,,,,,,,,,,,,,,,,,,
14,c6df894b-3f10-42e0-b661-a51d4f37b767,0,kindlmann,1D,5,0.109375,0.19921875,0.81380206,0.7239583,0.93619794,,,,,,,,,,,,,,,,,,,,,,,,,,,,,,,,,,,
14,c6df894b-3f10-42e0-b661-a51d4f37b767,0,kindlmann,2D,6,0.8933658,0.8162058,0.17250516,0.27432892,0.06526023,0.5038911,0.60882944,,,,,,,,,,,,,,,,,,,,,,,,,,,,,,,,,
14,c6df894b-3f10-42e0-b661-a51d4f37b767,1,default,Complex,7,0.07339154,0.23622856,0.36671263,0.67182904,0.7570402,0.89153033,0.12172181,,,,,,,,,,,,,,,,,,,,,,,,,,,,,,,,,
14,c6df894b-3f10-42e0-b661-a51d4f37b767,1,default,2D,7,0.96404123,0.9004733,0.7739678,0.6594869,0.3272765,0.2399369,0.10626149,,,,,,,,,,,,,,,,,,,,,,,,,,,,,,,,,
14,c6df894b-3f10-42e0-b661-a51d4f37b767,1,default,1D,8,0.044270832,0.1171875,0.22135417,0.3190104,0.6588542,0.75651044,0.89713544,,,,,,,,,,,,,,,,,,,,,,,,,,,,,,,,,
14,c6df894b-3f10-42e0-b661-a51d4f37b767,2,gray,1D,5,0.102864586,0.2825521,0.51692706,0.8385417,,,,,,,,,,,,,,,,,,,,,,,,,,,,,,,,,,,,
14,c6df894b-3f10-42e0-b661-a51d4f37b767,2,gray,2D,6,0.9681688,0.8262475,0.5688778,0.35731217,0.16703248,0.041666668,,,,,,,,,,,,,,,,,,,,,,,,,,,,,,,,,,
14,c6df894b-3f10-42e0-b661-a51d4f37b767,2,gray,Complex,5,0.12236723,0.44420058,0.53019696,0.7885417,0.9213082,,,,,,,,,,,,,,,,,,,,,,,,,,,,,,,,,,,
14,c6df894b-3f10-42e0-b661-a51d4f37b767,3,jet,1D,12,0.05078125,0.17838542,0.22265625,0.34635416,0.4283854,0.53255206,0.64192706,0.7317708,0.80859375,0.89973956,0.95963544,,,,,,,,,,,,,,,,,,,,,,,,,,,,,
14,c6df894b-3f10-42e0-b661-a51d4f37b767,3,jet,Complex,9,0.06361826,0.16648021,0.35245097,0.49644607,0.6460937,0.78164065,0.91712624,0.97753274,,,,,,,,,,,,,,,,,,,,,,,,,,,,,,,,
14,c6df894b-3f10-42e0-b661-a51d4f37b767,3,jet,2D,13,1,0.9443758,0.8562047,0.801085,0.6813667,0.609247,0.5247832,0.36333492,0.278658,0.19683434,0.09667037,0.020339193,,,,,,,,,,,,,,,,,,,,,,,,,,,,
6,85434358-433b-4dcf-ac84-a87418eed8ef,0,default,2D,11,0.9516332,0.8819825,0.7934508,0.73743916,0.6594303,0.5323276,0.34123528,0.2716584,0.24463926,0.19101167,0.14604245,0.11243246,0.0766351,,,,,,,,,,,,,,,,,,,,,,,,,,,
6,85434358-433b-4dcf-ac84-a87418eed8ef,0,default,1D,20,0.9140625,0.8802083,0.83984375,0.7916667,0.74348956,0.6979167,0.5,0.46484375,0.4231771,0.36979166,0.3502604,0.2578125,0.23567708,0.2109375,0.091145836,0.06640625,,,,,,,,,,,,,,,,,,,,,,,,
6,85434358-433b-4dcf-ac84-a87418eed8ef,0,default,Complex,10,0.11335784,0.23908429,0.30071998,0.34427083,0.39367342,0.60121596,0.6745098,0.73002726,0.7794318,0.8693781,0.91534925,,,,,,,,,,,,,,,,,,,,,,,,,,,,,
6,85434358-433b-4dcf-ac84-a87418eed8ef,1,gray,1D,100000,0.92578125,0.88932294,0.80598956,0.75651044,0.5885417,0.47916666,0.390625,0.3372396,0.30078125,0.2877604,0.2591146,0.21875,0.18229167,0.140625,0.109375,0.06640625,0.033854168,0.6692708,,,,,,,,,,,,,,,,,,,,,,
6,85434358-433b-4dcf-ac84-a87418eed8ef,1,gray,Complex,10,0.12702206,0.22559743,0.30361518,0.33395064,0.5355961,0.6100483,0.69139093,0.74864525,0.8475184,0.9113051,0.96294427,,,,,,,,,,,,,,,,,,,,,,,,,,,,,
6,85434358-433b-4dcf-ac84-a87418eed8ef,1,gray,2D,100000,1,0.9412108,0.8966355,0.86873454,0.83523947,0.81163985,0.7766051,0.7433014,0.7065359,0.6732312,0.64772594,0.6217635,0.60901874,0.5798936,0.5539106,0.52085936,0.49317858,0.44616452,0.46323434,0.398446,0.42239714,0.36932373,0.30263284,0.35329434,0.32436252,0.2770838,0.22409455,0.24690191,0.18599294,0.14381981,0.19688602,0.16221263,0.13594149,0.07511565,0.103677236,0.12505424,0.033854168,0.0078125,0.04174797,0.055670723
6,85434358-433b-4dcf-ac84-a87418eed8ef,2,kindlmann,Complex,9,0.10350031,0.15617341,0.1973665,0.29348552,0.3379136,0.40367648,0.46792293,0.54150414,0.5790288,0.628529,0.67691493,0.7120847,0.76724875,0.80859375,0.8369777,0.92041975,0.9632662,,,,,,,,,,,,,,,,,,,,,,,
6,85434358-433b-4dcf-ac84-a87418eed8ef,2,kindlmann,1D,20,0.9401042,0.8828125,0.8255208,0.7916667,0.7239583,0.69661456,0.61067706,0.53255206,0.47395834,0.4127604,0.3502604,0.2721354,0.22916667,0.19401042,0.16015625,0.114583336,0.08203125,,,,,,,,,,,,,,,,,,,,,,,
6,85434358-433b-4dcf-ac84-a87418eed8ef,2,kindlmann,2D,14,0.9639955,0.82917255,0.88297766,0.7678936,0.6254393,0.5677442,0.497239,0.38414767,0.2867541,0.23552956,0.18386596,0.08308884,0.01518477,,,,,,,,,,,,,,,,,,,,,,,,,,,
6,85434358-433b-4dcf-ac84-a87418eed8ef,3,jet,Complex,15,0.07034577,0.084703155,0.1905192,0.38086313,0.33639023,0.4591998,0.57124853,0.5916627,0.6509651,0.68235296,0.7796875,0.89188844,0.95459557,0.9758119,,,,,,,,,,,,,,,,,,,,,,,,,,
6,85434358-433b-4dcf-ac84-a87418eed8ef,3,jet,2D,14,0.98905206,0.8621719,0.80654365,0.64646834,0.6205844,0.5022195,0.34258404,0.2266822,0.08502514,0.0541892,0.018414238,0.03617824,,,,,,,,,,,,,,,,,,,,,,,,,,,,
6,85434358-433b-4dcf-ac84-a87418eed8ef,3,jet,1D,12,0.89973956,0.8411458,0.7552083,0.6640625,0.6328125,0.5729167,0.5130208,0.453125,0.3893229,0.33984375,0.21354167,0.13151042,0.055989582,,,,,,,,,,,,,,,,,,,,,,,,,,,
21,c47869d4-cabe-40b9-89f4-74c76451dfe5,0,gray,2D,20,0.952673,0.15099676,0.76749176,0.8024764,0.7345412,0.52229613,0.4115902,0.66496056,0.7129569,0.8384325,0.31493196,0.8779287,0.57294035,0.61233366,0.4689308,0.36243787,0.23699348,,,,,,,,,,,,,,,,,,,,,,,
21,c47869d4-cabe-40b9-89f4-74c76451dfe5,0,gray,1D,20,0.48697916,0.5885417,0.70442706,0.64973956,0.95442706,0.7604167,0.8098958,0.85546875,0.91015625,0.3815104,0.3294271,0.2890625,0.2578125,0.22786458,0.20182292,0.17708333,0.15885417,0.13151042,0.4453125,0.53515625,,,,,,,,,,,,,,,,,,,,
21,c47869d4-cabe-40b9-89f4-74c76451dfe5,0,gray,Complex,10,0.6791542,0.30245098,0.45202756,0.5293378,0.58781713,0.06553638,0.19293578,0.1523258,0.73693323,0.80037385,0.9235294,0.1251685,0.10347733,0.3621314,0.40860906,0.2633119,,,,,,,,,,,,,,,,,,,,,,,,
21,c47869d4-cabe-40b9-89f4-74c76451dfe5,1,jet,2D,13,0.02240189,0.053114787,0.100589626,0.18773495,0.24788876,0.3352504,0.39222762,0.5010365,0.5695033,0.6225919,0.6429972,0.8130048,0.7530771,0.87795955,0.9337962,0.9916372,,,,,,,,,,,,,,,,,,,,,,,,
21,c47869d4-cabe-40b9-89f4-74c76451dfe5,1,jet,Complex,13,0.98030025,0.945301,0.8954306,0.8015012,0.7472273,0.68670917,0.5953774,0.64756435,0.4991728,0.3257337,0.44734713,0.23002452,0.29191104,0.07624081,0.13493891,0.047365196,,,,,,,,,,,,,,,,,,,,,,,,
21,c47869d4-cabe-40b9-89f4-74c76451dfe5,1,jet,1D,15,0.03515625,0.078125,0.1796875,0.20963542,0.34375,0.375,0.51171875,0.4140625,0.484375,0.6458333,0.77994794,0.91015625,0.9713542,0.8645833,0.6822917,,,,,,,,,,,,,,,,,,,,,,,,,
21,c47869d4-cabe-40b9-89f4-74c76451dfe5,2,default,Complex,11,0.9108762,0.8623061,0.7685049,0.73915166,0.6181892,0.43370098,0.33681515,0.21714047,0.09703052,0.15147059,0.13509497,0.052389584,0.3764706,,,,,,,,,,,,,,,,,,,,,,,,,,,
21,c47869d4-cabe-40b9-89f4-74c76451dfe5,2,default,1D,15,0.0703125,0.108072914,0.19010417,0.23958333,0.29166666,0.34375,0.39583334,0.5833333,0.6744792,0.7395833,0.765625,0.8203125,0.87630206,,,,,,,,,,,,,,,,,,,,,,,,,,,
21,c47869d4-cabe-40b9-89f4-74c76451dfe5,2,default,2D,12,0.08222736,0.1453209,0.23260325,0.27175823,0.32875475,0.5994393,0.653734,0.7384133,0.77510166,0.9197392,0.99173284,,,,,,,,,,,,,,,,,,,,,,,,,,,,,
21,c47869d4-cabe-40b9-89f4-74c76451dfe5,3,kindlmann,Complex,15,0.9713848,0.9426164,0.86780024,0.81454945,0.76593685,0.70868564,0.58311886,0.5443627,0.4480538,0.4774906,0.3144761,0.3847848,0.34279048,0.18942356,0.28918505,0.12332267,0.06666667,0.03218683,,,,,,,,,,,,,,,,,,,,,,
21,c47869d4-cabe-40b9-89f4-74c76451dfe5,3,kindlmann,2D,16,0.026041666,0.051691234,0.121394396,0.17244618,0.23423028,0.2832802,0.46518466,0.54047596,0.61582345,0.7623806,0.8278834,0.8930014,0.92381877,0.98105216,,,,,,,,,,,,,,,,,,,,,,,,,,
21,c47869d4-cabe-40b9-89f4-74c76451dfe5,3,kindlmann,1D,19,0.108072914,0.15494792,0.20052083,0.29166666,0.33854166,0.3893229,0.44791666,0.4231771,0.4986979,0.58463544,0.70963544,0.7473958,0.80598956,0.83463544,0.86067706,0.921875,0.97005206,,,,,,,,,,,,,,,,,,,,,,,
17,7b110413-ed00-4065-a4b4-c0fea51afaec,0,kindlmann,Complex,4,0.13621323,0.81860363,0.31737036,0.41883227,,,,,,,,,,,,,,,,,,,,,,,,,,,,,,,,,,,,
17,7b110413-ed00-4065-a4b4-c0fea51afaec,0,kindlmann,1D,5,0.115885414,0.41145834,0.71744794,0.81901044,,,,,,,,,,,,,,,,,,,,,,,,,,,,,,,,,,,,
17,7b110413-ed00-4065-a4b4-c0fea51afaec,0,kindlmann,2D,6,0.8919223,0.9561584,0.55844045,0.27229425,0.17007023,0.049547654,,,,,,,,,,,,,,,,,,,,,,,,,,,,,,,,,,
17,7b110413-ed00-4065-a4b4-c0fea51afaec,1,gray,Complex,4,0.2229375,0.43260342,0.8495469,,,,,,,,,,,,,,,,,,,,,,,,,,,,,,,,,,,,,
17,7b110413-ed00-4065-a4b4-c0fea51afaec,1,gray,2D,2,0.89328986,,,,,,,,,,,,,,,,,,,,,,,,,,,,,,,,,,,,,,,
17,7b110413-ed00-4065-a4b4-c0fea51afaec,1,gray,1D,3,0.58723956,0.15755208,,,,,,,,,,,,,,,,,,,,,,,,,,,,,,,,,,,,,,
17,7b110413-ed00-4065-a4b4-c0fea51afaec,2,default,1D,7,0.083333336,0.23177083,0.2877604,0.6666667,0.77734375,0.8776042,,,,,,,,,,,,,,,,,,,,,,,,,,,,,,,,,,
17,7b110413-ed00-4065-a4b4-c0fea51afaec,2,default,2D,7,0.9360594,0.771383,0.66977733,0.33415627,0.24123357,0.13626537,,,,,,,,,,,,,,,,,,,,,,,,,,,,,,,,,,
17,7b110413-ed00-4065-a4b4-c0fea51afaec,2,default,Complex,6,0.12912071,0.23360907,0.34799325,0.6569393,0.78348655,0.8611979,,,,,,,,,,,,,,,,,,,,,,,,,,,,,,,,,,
17,7b110413-ed00-4065-a4b4-c0fea51afaec,3,jet,1D,7,0.20442708,0.34765625,0.41015625,0.54036456,0.64453125,0.7864583,,,,,,,,,,,,,,,,,,,,,,,,,,,,,,,,,,
17,7b110413-ed00-4065-a4b4-c0fea51afaec,3,jet,Complex,7,0.20784314,0.36938143,0.5562659,0.6515319,0.7845872,0.90134805,,,,,,,,,,,,,,,,,,,,,,,,,,,,,,,,,,
17,7b110413-ed00-4065-a4b4-c0fea51afaec,3,jet,2D,10,0.9982896,0.81066585,0.8780329,0.6413339,0.5191705,0.34626603,0.21913719,0.10629339,,,,,,,,,,,,,,,,,,,,,,,,,,,,,,,,
16,599f53e2-5dc5-4fd2-a71b-544b2d1f0a3a,0,kindlmann,1D,9,0.9296875,0.828125,0.76953125,0.71484375,0.60546875,0.4622396,0.31640625,0.25,0.19010417,0.111979164,,,,,,,,,,,,,,,,,,,,,,,,,,,,,,
16,599f53e2-5dc5-4fd2-a71b-544b2d1f0a3a,0,kindlmann,2D,12,0.031681057,0.10965366,0.17478983,0.23980968,0.28129822,0.39851406,0.5113724,0.5938414,0.70746154,0.80019563,0.87836117,0.9403963,0.96936584,,,,,,,,,,,,,,,,,,,,,,,,,,,
16,599f53e2-5dc5-4fd2-a71b-544b2d1f0a3a,0,kindlmann,Complex,11,0.95012796,0.88975185,0.8265782,0.7109225,0.50354433,0.57539827,0.173831,0.12613358,0.07688419,0.26381996,0.3940535,,,,,,,,,,,,,,,,,,,,,,,,,,,,,
16,599f53e2-5dc5-4fd2-a71b-544b2d1f0a3a,1,jet,Complex,8,0.959421,0.8286152,0.668076,0.56425256,0.3417739,0.2650472,0.1984375,0.12692368,0.07381353,,,,,,,,,,,,,,,,,,,,,,,,,,,,,,,
16,599f53e2-5dc5-4fd2-a71b-544b2d1f0a3a,1,jet,2D,10,0.028047733,0.104459226,0.19532986,0.35420498,0.47656962,0.62786883,0.80529404,0.8676605,0.9890075,,,,,,,,,,,,,,,,,,,,,,,,,,,,,,,
16,599f53e2-5dc5-4fd2-a71b-544b2d1f0a3a,1,jet,1D,8,0.075520836,0.119791664,0.20442708,0.36328125,0.6458333,0.8020833,0.9088542,0.47135416,,,,,,,,,,,,,,,,,,,,,,,,,,,,,,,,
16,599f53e2-5dc5-4fd2-a71b-544b2d1f0a3a,2,gray,Complex,5,0.8161305,0.5965227,0.51724684,0.24412291,0.12833945,,,,,,,,,,,,,,,,,,,,,,,,,,,,,,,,,,,
16,599f53e2-5dc5-4fd2-a71b-544b2d1f0a3a,2,gray,1D,4,0.16796875,0.3815104,0.58984375,0.7604167,,,,,,,,,,,,,,,,,,,,,,,,,,,,,,,,,,,,
16,599f53e2-5dc5-4fd2-a71b-544b2d1f0a3a,2,gray,2D,3,0.08276171,0.40645862,0.85702413,,,,,,,,,,,,,,,,,,,,,,,,,,,,,,,,,,,,,
16,599f53e2-5dc5-4fd2-a71b-544b2d1f0a3a,3,default,2D,7,0.09806339,0.22729468,0.26487076,0.5993715,0.746883,0.901606,0.98996705,,,,,,,,,,,,,,,,,,,,,,,,,,,,,,,,,
16,599f53e2-5dc5-4fd2-a71b-544b2d1f0a3a,3,default,Complex,7,0.88347745,0.76162684,0.71758187,0.39876163,0.24155812,0.10022978,0.62965685,,,,,,,,,,,,,,,,,,,,,,,,,,,,,,,,,
16,599f53e2-5dc5-4fd2-a71b-544b2d1f0a3a,3,default,1D,6,0.092447914,0.24479167,0.3580729,0.74609375,0.8958333,,,,,,,,,,,,,,,,,,,,,,,,,,,,,,,,,,,
