x,r,g,b,L,C,h,dL,d2L,dC,d2C,dh,d2h
0.0,0.0,0.0,0.5,12.889540696225215,80.03907416098723,5.345681654321283,0.7399380282298793,-0.002295812548993581,2.0500137173784907,-0.006360596480242009,0.0,4.440892098500626e-16
0.00392156862745098,0.0,0.0,0.517825311942959,13.629478724455094,82.08908787836572,5.345681654321283,0.7376422156808857,-0.0034022599323693115,2.0436531208982487,-0.00942603199909442,4.440892098500626e-16,0.0
0.00784313725490196,0.0,0.0,0.535650623885918,14.364825127586986,84.12638040278372,5.345681654321284,0.7331335083651407,-0.004428454843101726,2.031161653380302,-0.01226912637112676,0.0,-4.440892098500626e-16
0.011764705882352941,0.0,0.0,0.553475935828877,15.095745741185375,86.15141118512632,5.345681654321283,0.7287853059946823,-0.004273038331324308,2.019114868155995,-0.011838541688490523,-4.440892098500626e-16,0.0
0.01568627450980392,0.0,0.0,0.571301247771836,15.82239573957635,88.16461013909571,5.345681654321283,0.7245874317024921,-0.004127342404319556,2.007484570003321,-0.011434888088416528,0.0,2.220446049250313e-16
0.0196078431372549,0.0,0.0,0.589126559714795,16.54492060459036,90.16638032513296,5.345681654321283,0.7205306211860432,-0.003990506750294998,1.9962450919791621,-0.011055782059163022,0.0,0.0
0.023529411764705882,0.0,0.0,0.606951871657754,17.263456981948437,92.15710032305404,5.345681654321283,0.7166064182019021,-0.0038617683488268995,1.9853730058849948,-0.010699109636760795,0.0,0.0
0.027450980392156862,0.0,0.0,0.624777183600713,17.978133440994164,94.13712633690295,5.345681654321283,0.7128070844883894,-0.003740448199948787,1.9748468727056405,-0.010362989637634712,0.0,2.220446049250313e-16
0.03137254901960784,0.0,0.0,0.642602495543672,18.689071150925216,96.10679406846532,5.345681654321283,0.7091255218020045,-0.0036259401572600325,1.9646470266097253,-0.010045742720567574,4.440892098500626e-16,0.0
0.03529411764705882,0.0,0.0,0.660427807486631,19.396384484598173,98.0664203901224,5.345681654321284,0.7055552041738693,-0.0035177014871976553,1.9547553872645054,-0.009745865230978978,0.0,-4.440892098500626e-16
0.0392156862745098,0.0,0.0,0.67825311942959,20.100181559272954,100.01630484299433,5.345681654321283,0.7020901188276092,-0.003415244852057242,1.9451552961477674,-0.009462006989526373,-4.440892098500626e-16,0.0
0.043137254901960784,0.0,0.0,0.696078431372549,20.80056472225339,101.95673098241794,5.345681654321283,0.6987247144697548,-0.0033181314731685063,1.9358313732854526,-0.009192952350790762,0.0,2.220446049250313e-16
0.047058823529411764,0.0,0.0,0.713903743315508,21.497630988212464,103.88796758956524,5.345681654321283,0.6954538558812722,-0.0032259652771937652,1.9267693914461859,-0.008937603985380349,0.0,0.0
0.050980392156862744,0.0,0.0,0.731729055258467,22.191472434015935,105.81026976531031,5.345681654321283,0.6922727839153673,-0.003138387864970227,1.917956165314692,-0.008694968940883285,0.0,0.0
0.054901960784313725,0.0,0.0,0.749554367201426,22.8821765560432,107.72387992019462,5.345681654321283,0.6891770801513317,-0.003055074171591343,1.9093794535644193,-0.008464146618262447,0.0,0.0
0.058823529411764705,0.0,0.0,0.767379679144385,23.5698265943186,109.62902867243915,5.345681654321283,0.6861626355721846,-0.0029757287099041463,1.901027872078167,-0.008244318364205583,0.0,0.0
0.06274509803921569,0.0,0.0,0.785204991087344,24.254501827187568,111.52593566435095,5.345681654321283,0.6832256227315234,-0.002900082308139318,1.8928908168360081,-0.00803473843267355,0.0,0.0
0.06666666666666667,0.0,0.0,0.803030303030303,24.936277839781646,113.41481030611116,5.345681654321283,0.680362470955906,-0.002827889267750905,1.88495839521282,-0.007834726110758083,0.0,0.0
0.07058823529411765,0.0,0.0,0.820855614973262,25.61522676909938,115.2958524547766,5.345681654321283,0.6775698441960216,-0.0027589248799539945,1.877221364614492,-0.007643658838098588,0.0,0.0
0.07450980392156863,0.0,0.0,0.838680926916221,26.29141752817369,117.16925303534015,5.345681654321283,0.674844621195998,-0.00269298324935896,1.8696710775366228,-0.007460966177205819,0.0,0.0
0.0784313725490196,0.0,0.0,0.85650623885918,26.964916011491376,119.03519460984984,5.345681654321283,0.6721838776973037,-0.0026298753814408826,1.8622994322600803,-0.007286124514827463,0.0,2.220446049250313e-16
0.08235294117647059,0.0,0.0,0.874331550802139,27.635785283568296,120.89385189986031,5.345681654321283,0.6695848704331162,-0.002569427497460808,1.8550988285069678,-0.007118652393376834,4.440892098500626e-16,0.0
0.08627450980392157,0.0,0.0,0.892156862745098,28.304085752357608,122.74539226686377,5.345681654321284,0.6670450227023821,-0.002511479545976414,1.8480621274733267,-0.006958106386953489,0.0,-4.440892098500626e-16
0.09019607843137255,0.0,0.0,0.909982174688057,28.96987532897306,124.58997615480696,5.345681654321283,0.6645619113411634,-0.0024558838847834608,1.8411826157330609,-0.00680407744974687,-4.440892098500626e-16,2.220446049250313e-16
0.09411764705882353,0.0,0.0,0.927807486631016,29.633209575039935,126.4277574983299,5.345681654321283,0.6621332549328152,-0.0024025041110586898,1.834453972573833,-0.00665618767494891,4.440892098500626e-16,2.220446049250313e-16
0.09803921568627451,0.0,0.0,0.945632798573975,30.29414183883869,128.25888409995463,5.345681654321284,0.659756903119046,-0.0023512140206864984,1.827870240383163,-0.006514087411400027,0.0,-4.440892098500626e-16
0.10196078431372549,0.0,0.0,0.963458110516934,30.952723381278027,130.08349797909622,5.345681654321283,0.6574308268914422,-0.0023018966804890795,1.8214257977510329,-0.0063774526932718345,-4.440892098500626e-16,0.0
0.10588235294117647,0.0,0.0,0.981283422459893,31.609003492621575,131.9017356954567,5.345681654321283,0.6551531097580678,-0.15704814534773526,1.8151153349966194,-0.43510515741689204,0.0,2.220446049250313e-16
0.10980392156862745,0.0,0.0,0.999108734402852,32.26302960079416,133.71372864908946,5.345681654321283,0.34333453619597165,-0.3194158138241949,0.9512154829172488,-0.8849481644478772,0.0,0.0
0.11372549019607843,0.0,0.0,1.0,32.29567256501352,133.8041666612912,5.345681654321283,0.016321482109677987,-0.17166726809798583,0.045219006100865045,-0.4756077414586244,0.0,0.0
0.11764705882352941,0.0,0.0,1.0,32.29567256501352,133.8041666612912,5.345681654321283,0.0,-0.002111105315677264,0.0,-0.04194136753350364,0.0,-6.895274996177037e-05
0.12156862745098039,0.0,0.0,1.0,32.29567256501352,133.8041666612912,5.345681654321283,0.012099271478323459,0.054230067426397355,-0.03866372896614223,-0.17307303441803157,-0.00013790549992354073,-0.0006197616932777095
0.12549019607843137,0.0,0.00196078431372549,1.0,32.319871107970165,133.7268392033589,5.345405843321436,0.10846013485279471,0.08993143486910071,-0.34614606883606314,-0.2865494931928083,-0.001239523386555419,-0.0010312486880128535
0.12941176470588234,0.0,0.0176470588235293,1.0,32.51259283471911,133.11187452361906,5.3432026075481724,0.19196214121652488,0.0431086049964744,-0.6117627153517589,-0.1363277737959976,-0.0022004028759492478,-0.0005020922992309274
0.13333333333333333,0.0,0.03333333333333333,1.0,32.703795390403215,132.5033137726554,5.341005037569538,0.1946773448457435,0.013275342248952882,-0.6188016164280583,-0.04040330382690627,-0.0022437079850172736,-0.00016659899770821163
0.13725490196078433,0.0,0.049019607843137254,1.0,32.901947524410595,131.87427129076295,5.338715191578138,0.21851282571443065,0.0333751003002547,-0.6925693230055714,-0.10355220564400724,-0.002533600871365671,-0.00040402502893921444
0.1411764705882353,0.0,0.06470588235294118,1.0,33.140821041832076,131.11817512664425,5.335937835826806,0.2614275454462529,0.044214900087659714,-0.8259060277160728,-0.1367056355568934,-0.0030517580428957025,-0.0005391497367965847
0.14509803921568626,0.0,0.08039215686274499,1.0,33.4248026153031,130.2224592353308,5.3326116754923465,0.3069426258897501,0.04580549636321862,-0.9659805941193582,-0.14008632283862,-0.0036119003449588405,-0.0005707872951610238
0.14901960784313725,0.0,0.09607843137254903,1.0,33.75470629361158,129.18621393840553,5.328714035136889,0.35303853817269015,0.046163198905539105,-1.1060786733933128,-0.13926085548136768,-0.00419333263321775,-0.0005908079092828977
0.15294117647058825,0.0,0.11176470588235295,1.0,34.13087969164848,128.01030188854418,5.324225010225911,0.3992690237008283,0.0460951780105443,-1.2445023050820936,-0.13681508864460667,-0.004793516163524636,-0.0006085152395640669
0.1568627450980392,0.0,0.12745098039215685,1.0,34.55324434101323,126.69720932824134,5.319127002809839,0.44522889419377876,0.04564336031120675,-1.3797088506825261,-0.13291088595713418,-0.005410363112345884,-0.0006243510435011146
0.16078431372549018,0.0,0.14313725490196066,1.0,35.02133748003604,125.25088418717912,5.313404284001219,0.4905557443232418,0.044851423454336015,-1.510324076996362,-0.12772230370542204,-0.006042218250526865,-0.0006387448578577537
0.16470588235294117,0.0,0.1588235294117647,1.0,35.53435582965972,123.67656117424862,5.307042566308786,0.5349317411024508,0.043764511082374113,-1.6351534580933702,-0.12143257183554823,-0.006687852828061391,-0.0006521224874409537
0.16862745098039217,0.0,0.17450980392156862,1.0,36.09120096224094,121.98057727099238,5.300028578345096,0.57808476648799,0.042428405222525,-1.7531892206674584,-0.11422926113814924,-0.0073464632254087725,-0.0006649086762053891
0.17254901960784313,0.0,0.19019607843137254,1.0,36.6905253626357,120.1701827329137,5.292349639857968,0.6197885515475008,0.04088846060971285,-1.8636119803696687,-0.10629876643657354,-0.00801767018047217,-0.0006775266108314248
0.1764705882352941,0.0,0.20588235294117635,1.0,37.33077806533594,118.25335331025305,5.283993237984152,0.6598616877074157,0.039188508750603646,-1.9657867535406055,-0.09782090010684996,-0.008701516447071622,-0.0006903959418587124
0.1803921568627451,0.0,0.22156862745098038,1.0,38.01024873805053,116.23860922583249,5.274946606963825,0.6981655690487081,0.03736986967743405,-2.0592537805833686,-0.08896413000398695,-0.009398462064189594,-0.0007039304019236248
0.1843137254901961,0.0,0.2372549019607843,1.0,38.72710920343336,114.13484574908631,5.265196313855773,0.7346014270622838,0.03547055425863199,-2.1437150135485794,-0.07988177918669948,-0.010109377250918872,-0.0007185356789893849
0.18823529411764706,0.0,0.2529411764705882,1.0,39.479451592175096,111.95117919873533,5.254727852461987,0.7691066775659721,0.03352469602624808,-2.2190173389567676,-0.07070932620336734,-0.010835533422168364,-0.0007346078911163456
0.19215686274509802,0.0,0.26862745098039204,1.0,40.2653225585653,109.69681107117277,5.243525247011436,0.80165081911478,0.031562217916278,-2.285133665955314,-0.061562805703250234,-0.011578593033151563,-0.0007525327759203559
0.19607843137254902,0.0,0.28431372549019607,1.0,41.082753230404656,107.3809118668247,5.231570666395684,0.8322311133985281,0.029608715662865492,-2.342142950363268,-0.05253821060932751,-0.012340598974009076,-0.0007726855352470086
0.2,0.0,0.3,1.0,41.92978478536236,105.01252517044624,5.218844049063418,0.860868250440511,0.027685524971731823,-2.390210087173969,-0.043711736680560165,-0.01312396410364558,-0.0007954311510049994
0.20392156862745098,0.0,0.3156862745098039,1.0,42.80448973128568,102.60049169247677,5.205322738188393,0.8876021633419917,0.025809932612816056,-2.4295664237243884,-0.035140682595095285,-0.013931461276019075,-0.0008211248994298703
0.20784313725490194,0.0,0.3313725490196077,1.0,43.70498911204634,100.15339232299746,5.19098112651138,0.9124881156661431,0.0239954904689359,-2.4604914523641597,-0.02686481644296279,-0.01476621390250532,-0.0008501127259594732
0.21176470588235294,0.0,0.34705882352941175,1.0,44.629465962617964,97.67950878774845,5.175790310383382,0.9355931442798635,0.02225239454479855,-2.483296056610314,-0.018908035003519785,-0.01563168672793802,-0.0008827310892651763
0.21568627450980393,0.0,0.3627450980392157,1.0,45.57617540060607,95.18680020977683,5.159717753055504,0.9569929047557402,0.02058789633287894,-2.4983075223711992,-0.011280168316627481,-0.016531676081035673,-0.0009193058295826617
0.2196078431372549,0.0,0.3784313725490196,1.0,46.543451772129444,92.68289374300605,5.142726958221311,0.9767689369456214,0.019006720409118216,-2.505856393243569,-0.003978813074404286,-0.017470298387103345,-0.0009601495535769278
0.22352941176470587,0.0,0.3941176470588234,1.0,47.52971327449731,90.1750874232897,5.124777156281297,0.9950063455739766,0.017511468709853872,-2.506265148520008,0.00300888992336823,-0.01845197518818953,-0.0010055569477838144
0.22745098039215686,0.0,0.40980392156862744,1.0,48.5334644632774,87.67036344596603,5.105823007844932,1.0117918743653291,0.01610299798271342,-2.4998386133968324,0.009704589250915774,-0.019481412282670973,-0.001055797329809982
0.23137254901960785,0.0,0.42549019607843136,1.0,49.55329702322797,85.17541019649603,5.085814331715955,1.0272123415394034,0.01478076205700063,-2.4868559700181763,0.016137195841956498,-0.020563569847809493,-0.0011111036185826872
0.23529411764705882,0.0,0.4411764705882353,1.0,50.587889146356204,82.69665150592968,5.064695868149313,1.0413533984793304,0.013543114710081738,-2.4675642217129194,0.022341501314837586,-0.021703619519836348,-0.0011716567540396294
0.2392156862745098,0.0,0.4568627450980391,1.0,51.63600382018663,80.24028175307019,5.0424070926762825,1.054298570959567,0.012387572030721827,-2.442172967388501,0.028356928162043715,-0.022906883355888752,-0.0012375644311508616
0.24313725490196078,0.0,0.4725490196078431,1.0,52.69648628827534,77.81230557115268,5.018882101437535,1.066128542540774,0.01131103540027567,-2.410850365388832,0.034226381781472526,-0.02417874838213807,-0.001308832851138142
0.24705882352941178,0.0,0.48823529411764705,1.0,53.76826090526818,75.41858102229253,4.994049595912006,1.0769206417601183,0.01030997767350783,-2.373720203825556,0.03999515975937484,-0.025524549058165036,-0.001385330067106283
0.25098039215686274,0.0,0.503921568627451,1.0,54.850327571795574,73.06486516350157,4.967833003321205,1.0867484978877897,0.009380596000134744,-2.3308600458700823,0.04570986054115522,-0.026949408516350637,-0.0014667394664278355
0.2549019607843137,0.0,0.5196078431372549,1.0,55.94175790104376,70.75686093055236,4.940150778879305,1.0956818337603877,0.008518935133572825,-2.2823004827432456,0.05141722128108128,-0.028458027991020707,-0.0015525020725881689
0.2588235294117647,0.0,0.5352941176470586,1.0,57.04169123931635,68.50026419801507,4.910916947339164,1.1037863681549354,0.007720985153138571,-2.2280256033079198,0.05716280345014724,-0.030054412661526975,-0.0016417467888962811
0.2627450980392157,0.0,0.5509803921568628,1.0,58.14933063735363,66.30080972393652,4.880041953556251,1.1111238040666649,0.006982757387348215,-2.167974875842951,0.06298943578367577,-0.03174152156881327,-0.0017332086168475591
0.26666666666666666,0.0,0.5666666666666667,1.0,59.26393884744968,64.16431444632917,4.847433904201537,1.1177518829296318,0.006300342051080321,-2.102046731740568,0.06893531969998712,-0.03352082989522209,-0.0018251364823522742
0.27058823529411763,0.0,0.5823529411764706,1.0,60.38483440321289,62.09671626045539,4.813000293765807,1.1237244881688255,0.005669950759891407,-2.030104236442977,0.07503170640860723,-0.03539179453351782,-0.0019151948457483137
0.27450980392156865,0.0,0.5980392156862745,1.0,61.51138782378733,60.10410597344322,4.776650315134502,1.1290917844494146,0.0050879467057853844,-1.9519833189233537,0.08130007353402391,-0.03735121958671872,-0.0020003669953556624
0.2784313725490196,0.0,0.6137254901960785,1.0,62.64301797211172,58.19274962260868,4.7382978545923695,1.1339003815803963,0.004550864899201201,-1.867504089374929,0.0877487702317552,-0.03939252852422914,-0.002076872958755027
0.2823529411764706,0.0,0.6294117647058823,1.0,63.77918858694812,56.36909779469336,4.697865258086043,1.138193514247817,0.004055424522132256,-1.7764857784598433,0.09436917286598323,-0.041504965504228775,-0.0021401211664648923
0.28627450980392155,0.0,0.6450980392156863,1.0,64.91940500060736,54.63977806568899,4.655287923583912,1.1420112306246608,0.0035985351075176197,-1.6787657436429626,0.10113150721680775,-0.04367277085715893,-0.002184719710528249
0.2901960784313725,0.0,0.66078431372549,1.0,66.06321104819745,53.011566307407435,4.6105197163717255,1.1453905844628522,0.0031772979658590828,-1.5742227640262278,0.1079806524054785,-0.04587440492528527,-0.0022045787990345733
0.29411764705882354,0.0,0.6764705882352942,1.0,67.21018616953306,51.49133253763654,4.563539113733341,1.148365826556379,0.0027890040237323888,-1.4628044388320056,0.114832440352858,-0.04808192845522807,-0.0021931383372335578
0.2980392156862745,0.0,0.692156862745098,1.0,68.3599427013102,50.085957429743424,4.514355859461269,1.150968592510317,0.0024311290180847323,-1.3445578833205118,0.121571178499007,-0.05026068159975239,-0.002143750003317013
0.30196078431372547,0.0,0.707843137254902,1.0,69.5121233545537,48.802216770995514,4.463017750533837,1.1532280845925484,0.002101326803551018,-1.2196620818339916,0.12804930325186525,-0.0523694284618621,-0.00205022788601128
0.3058823529411765,0.0,0.7235294117647059,1.0,70.6663988704953,47.64663326607544,4.409617002537545,1.155171246117419,0.0017974213741247524,-1.0884592768167813,0.1340901407867232,-0.05436113737177495,-0.0019075529211254327
0.30980392156862746,0.0,0.7392156862745098,1.0,71.82246584678853,46.62529821736195,4.354295475790287,1.156822927340798,0.001517398070934206,-0.9514818002605452,0.1394946177273102,-0.056184534304112965,-0.0017126745445601443
0.3137254901960784,0.0,0.7549019607843137,1.0,72.9800447251769,45.74366966555435,4.297247933929319,1.1582060422592875,0.001259394341939668,-0.8094700413621609,0.1440523467980661,-0.05778648646089524,-0.0014653045161210354
0.3176470588235294,0.0,0.7705882352941177,1.0,74.1388779313071,45.00635813463763,4.238722502868496,1.1593417160246773,0.0010216903330615423,-0.663377106664413,0.1475567899286787,-0.059115143336355036,-0.001168556122447706
0.32156862745098036,0.0,0.7862745098039213,1.0,75.29872815722625,44.416915452225524,4.179017647256609,1.1602494229254106,0.0008026995206122933,-0.5143564615048035,0.14982325819005915,-0.06012359870579065,-0.0008292653230848046
0.3254901960784314,0.0,0.8019607843137255,1.0,76.45937677715793,43.97764521162802,4.118475305456915,1.1609471150659019,0.0006009595396889722,-0.36373059028429466,0.150707557558869,-0.060773673982524645,-0.00045785593212510634
0.32941176470588235,0.0,0.8176470588235294,1.0,77.62062238735805,43.689454271656935,4.05747029929156,1.1614513420047885,0.0004151233186640013,-0.21294134638706552,0.15012243816391724,-0.06103931057004086,-6.768503146747928e-05
0.3333333333333333,0.0,0.8333333333333334,1.0,78.7822794611675,43.55176251885389,3.9963966843168333,1.1617773617032299,-0.008332093969421805,-0.06348571395646019,0.12931694008708305,-0.060909044045459604,-0.0028190051582710485
0.33725490196078434,0.0,0.8490196078431372,1.0,79.94417711076451,43.562482843744014,3.9356522112006407,1.144787154065945,-0.03593844038353211,0.04569253378710059,0.10640949934025201,-0.06667732088658296,-0.012891121900820757
0.3411764705882353,0.0,0.8647058823529412,0.9962049335863378,81.0718537692994,43.64314758642809,3.8630420425436673,1.0899004809361656,-0.044699973248032876,0.14933328472404384,0.18354025886162262,-0.08669128784710112,-0.016388474681220067
0.34509803921568627,0.0,0.8803921568627451,0.9835547122074637,82.12397807263685,43.8611494131921,3.7622696355064384,1.0553872075698791,-0.012091714589146818,0.4127730515103458,0.3067987400826446,-0.09945427024902309,-0.004646044231289892
0.34901960784313724,0.0,0.8960784313725491,0.9709044908285895,83.18262818443915,44.468693689448784,3.664133502045621,1.065717051757872,0.010672389481982236,0.7629307648893331,0.3307945568531476,-0.0959833763096809,0.004061450448357928
0.3529411764705882,0.009487666034155417,0.9117647058823527,0.9582542694497156,84.25541217615259,45.38701094297077,3.5703028828870766,1.0767319865338436,0.008665795445846669,1.074362165216641,0.3073634483629597,-0.09133136935230723,0.004975810659354263
0.3568627450980392,0.022137887413029723,0.9274509803921569,0.9456040480708413,85.33609215750684,46.61741801988207,3.4814707633410067,1.0830486426495654,0.005529063082274632,1.3776576616152525,0.28916405024874337,-0.08603175499097238,0.005536659558183943
0.3607843137254902,0.03478810879190385,0.9431372549019608,0.9329538266919671,86.42150946145172,48.14232626620127,3.398239372905132,1.0877901126983929,0.005005422120184733,1.6526902657141278,0.2539476539016743,-0.08025805023593935,0.005864568494163502
0.36470588235294116,0.04743833017077798,0.9588235294117647,0.920303605313093,87.51167238290363,49.92279855131032,3.320954662869128,1.0930594868899348,0.005468494791994516,1.885552969418601,0.21302561759936545,-0.07430261800264537,0.005907153439055457
0.3686274509803922,0.06008855154965211,0.9745098039215686,0.9076533839342189,88.60762843523159,51.913432205038475,3.249634136899841,1.098727102282382,-0.10446413382423714,2.0787415009128587,0.024830752215653007,-0.06844374335782843,0.008548164274125303
0.37254901960784315,0.07273877292852624,0.9901960784313726,0.8950031625553447,89.70912658746839,54.08028155313604,3.184067176153471,0.8841312192414605,-0.39827738558951253,1.935214473849907,-0.4282780818268268,-0.057206289454394765,0.015027447971870722
0.3764705882352941,0.08538899430740036,1.0,0.8823529411764706,90.37589087371451,55.78386115273829,3.1352215579910516,0.30217233110335684,-0.4723659309400148,1.222185337259205,-0.5931908283413261,-0.03838884741408699,0.014793705104811816
0.3803921568627451,0.0980392156862745,1.0,0.8697027197975965,90.3134712496751,56.52465222765445,3.107289481325297,-0.06060064263856901,-0.17954889135232577,0.7488328171672549,-0.22917468306996547,-0.027618879244771133,0.0056924754573131064
0.38431372549019605,0.11068943706514844,1.0,0.8570524984187226,90.25468958843737,57.2815267870728,3.0799837995015094,-0.056925451601294697,0.0037114889779061855,0.7638359711192741,0.01395263340798003,-0.027003896499460778,0.0006031607576333364
0.38823529411764707,0.12333965844402275,1.0,0.8444022770398483,90.19962034647251,58.052324169893,3.0532816883263756,-0.05317766468275664,0.0037822956643829286,0.776738083983215,0.0119115070811322,-0.02641255772950446,0.0005788137416109507
0.39215686274509803,0.13598987982289687,1.0,0.8317520556609741,90.14833425907186,58.83500295503923,3.0271586840425004,-0.04936086027252884,0.0038496528059752677,0.7876589852815385,0.009990581649290675,-0.025846269016238876,0.0005532801349830141
0.396078431372549,0.148640101201771,1.0,0.8191018342820999,90.10089862592746,59.627642140456075,3.001589150293898,-0.04547835907080611,0.003913793376188579,0.7967192472817963,0.00819018787779946,-0.025305997459538432,0.0005269717854148315
0.4,0.16129032258064513,1.0,0.8064516129032259,90.05737754093025,60.42844144960282,2.9765466891234236,-0.04153327352015168,0.003974906421937874,0.8040393610371375,0.0065098801671101825,-0.024792325445409213,0.000500248129302272
0.403921568627451,0.17394054395951927,1.0,0.7938013915243517,90.01783207888715,61.23572086253035,2.9520044994030794,-0.03752854622693036,0.004033146643379837,0.8097390076160167,0.004948528390530171,-0.024305501200933888,0.0004734201433778118
0.40784313725490196,0.1865907653383934,1.0,0.7811511701454776,89.98232044847639,62.047919464834855,2.927935686721556,-0.03346698023339201,0.004088641543333438,0.8139364178181978,0.0035044008725755305,-0.02384548515865359,0.0004467546432133096
0.4117647058823529,0.19924098671726753,1.0,0.7685009487666035,89.95089811842037,62.863593698166746,2.9043135290857722,-0.029351263140263484,0.00414149686206855,0.8167478093611678,0.002175235439709766,-0.02341199191450727,0.0004204786948531769
0.4156862745098039,0.21189120809614148,1.0,0.7558507273877295,89.92361792219586,63.68141508355719,2.8811117028925413,-0.025183986509254908,0.004191800776823129,0.8182868886976173,0.0009582975103814562,-0.023004527768947236,0.0003947839602223002
0.4196078431372549,0.2245414294750158,1.0,0.7432005060088551,89.90053014540186,64.50016747556198,2.8583044735478778,-0.020967661586617226,0.0042396271945612796,0.8186644043819307,-0.0001495745251975933,-0.022622423994062668,0.00036983084580199943
0.4235294117647059,0.2371916508538899,1.0,0.7305502846299811,89.88168259902262,65.31874389232105,2.835866854904416,-0.01670473212013235,0.004285038367896732,0.8179877396472222,-0.0011519355894815675,-0.022264866077343237,0.00034575236559186706
0.42745098039215684,0.24984187223276405,1.0,0.717900063251107,89.8671206811616,66.13614295485642,2.8137747413931913,-0.012397584850823762,0.004328086998182101,0.8163605332029675,-0.002052710353595444,-0.021930919262878934,0.0003226576632417988
0.43137254901960786,0.26249209361163817,1.0,0.7052498418722328,89.85688742932098,66.95146495872699,2.792005016378658,-0.008048558123768146,0.004368817944314429,0.8138823189400313,-0.0028561780657589964,-0.02161955075085964,0.00030063516488476605
0.43529411764705883,0.2751423149905123,1.0,0.6925996204933587,89.85102356491406,67.76390759273649,2.770535639891472,-0.0036599489621949033,0.004407269624689292,0.8106481770714495,-0.0035669639080282423,-0.021329648933109402,0.00027975535446145283
0.4392156862745098,0.2877925363693864,1.0,0.6799493991144845,89.84956753139659,68.57276131286989,2.7493457185124393,0.0007659811256104376,0.004443475177520639,0.8067483911239748,-0.004190035010822157,-0.021060040041936734,0.0002600731782035348
0.44313725490196076,0.30044275774826057,1.0,0.6672991777356103,89.85255552716528,69.37740437498444,2.7284155598075985,0.0052270013928463754,0.0044774634285396075,0.8022681070498052,-0.004730699306616515,-0.020809502576702332,0.000241630095450307
0.44705882352941173,0.3130929791271345,1.0,0.6546489563567364,89.86002153418228,70.1772975269695,2.7077267133590346,0.009720907982689653,0.0045092597035854,0.7972869925107418,-0.005194605492768289,-0.02057677985103612,0.00022445580003915833
0.45098039215686275,0.3257432005060088,1.0,0.6419987349778622,89.87199734313066,70.97197836000592,2.6872620001055263,0.014245520800017175,0.004538886515078389,0.7918788960642686,-0.005587742484770786,-0.020360590976624016,0.00020856964092663688
0.4549019607843137,0.3383934218848829,1.0,0.629348513598988,89.88851257578231,71.76105531909803,2.6670055314057866,0.01879868101284643,0.004566364144800161,0.7861115075412002,-0.005916436862904106,-0.020159640569182846,0.0001939817731658744
0.4588235294117647,0.3510436432637571,1.0,0.6166982922201139,89.90959470515635,72.54420137508832,2.6469427189671606,0.023378249089617498,0.0045917111407298705,0.7800460223384604,-0.006187346942290617,-0.019972627430292267,0.00018069407141119154
0.4627450980392157,0.3636938646426312,1.0,0.6040480708412397,89.93526907396155,73.32114736377495,2.627060276545202,0.02798210329430617,0.0046149447418173395,0.773736813656619,-0.006407452225655419,-0.019798252426360463,0.00016870083815256898
0.4666666666666667,0.3763440860215053,1.0,0.5913978494623656,89.96555891174496,74.09167500240156,2.6073462141144397,0.03260813857325218,0.00463608124185555,0.7672311178871496,-0.006584037127041142,-0.01963522575398713,0.00015798933823929495
0.47058823529411764,0.38899430740037944,1.0,0.5787476280834916,90.00048535110805,74.85560959954925,2.5877898250372278,0.03725426577801727,0.004655136301522589,0.7605687394025367,-0.006724667982815902,-0.019482273749881873,0.0001485401901427652
0.4745098039215686,0.4016445287792536,1.0,0.5660974067046174,90.040067443301,75.61281248120663,2.568381666614676,0.041918411176297354,0.004672125215641643,0.7537817819215178,-0.006837162494782945,-0.0193381453737016,0.0001403276429893241
0.4784313725490196,0.4142947501581275,1.0,0.5534471853257434,90.08432217346065,76.36317316339229,2.5491135342898246,0.046598516209300556,0.004687063141648906,0.7468944144129708,-0.0069295508792812655,-0.019201618463903225,0.00013331976677943835
0.4823529411764706,0.42694497153700184,1.0,0.540796963946869,90.1332644757196,77.10660131003257,2.5299784296868695,0.05129253745959517,0.004699965294026498,0.7399226801629553,-0.007010028126863688,-0.019071505840142722,0.00012747858144057655
0.48627450980392156,0.43959519291587595,1.0,0.5281467425679949,90.18690724837984,77.8430185237182,2.510970522609539,0.05599844679735355,0.004710847108647442,0.7328743581592434,-0.007086896909790141,-0.018946661301022072,0.00012276014850010064
0.49019607843137253,0.45224541429475007,1.0,0.5154965211891208,90.2452613693143,78.57235002635106,2.4920851070848253,0.06071423167689005,0.004719724380329637,0.725748886343375,-0.0071685008146218365,-0.01882598554314252,0.0001191146471992699
0.49411764705882355,0.46489563567362424,1.0,0.5028462998102468,90.30833571173362,79.29451629640495,2.473318551523254,0.06543789555801283,0.004726613376170974,0.7185373565299997,-0.007263147722689212,-0.018708432006623532,0.0001164864548184319
0.4980392156862745,0.47754585705249836,1.0,0.4901960784313726,90.37613716043033,80.00942473941106,2.4546682430715783,0.070167458429232,0.004731530926981975,0.7112225908979966,-0.007379023316467226,-0.018593012633505657,0.00011481424887216374
0.5019607843137255,0.4901960784313725,1.0,0.4775458570524984,90.44867062859208,80.71696147820094,2.4361325262562428,0.07490095741197678,0.004734494498663366,0.7037793098970653,-0.007524094860094976,-0.018478803508879205,0.00011403114663299796
0.5058823529411764,0.5028462998102466,1.0,0.46489563567362435,90.52593907525429,81.41698335920519,2.41771063605382,0.07963644742655873,0.0047355222450136125,0.6961744011778066,-0.007706005587412079,-0.01836495034023966,0.00011406489520660035
0.5098039215686274,0.5154965211891207,1.0,0.4522454142947502,90.6079435234452,82.10931028055656,2.3994026255757634,0.084372001902004,0.00473463304319921,0.6883672987222411,-0.007931960240501468,-0.018250673718466004,0.00011483812311263719
0.5137254901960784,0.5281467425679949,1.0,0.439595192915876,90.6946830790583,82.79371795664967,2.381209288616888,0.08910571351295715,0.004731846512932236,0.6803104806968037,-0.008208602536786458,-0.018135274094014386,0.00011626866205649566
0.5176470588235293,0.5407969639468686,1.0,0.4269449715370023,90.78615495047111,83.46993124195016,2.3631320773877347,0.09383569492786847,0.0047271830201225384,0.6719500936486682,-0.0085418856112085,-0.018018136394353013,0.00011826994536834334
0.5215686274509804,0.5534471853257431,1.0,0.4142947501581278,90.88235446891403,84.13761814394701,2.345173015828182,0.09856007955320223,0.00472066366562629,0.6632267094743867,-0.00893693678785823,-0.0178987342032777,0.00012075148744306041
0.5254901960784314,0.5660974067046173,1.0,0.4016445287792536,90.98327510957752,84.79638466089894,2.3273346089811793,0.10327702225912105,0.004712310259442631,0.6540762200729517,-0.00939791838522197,-0.017776633419466892,0.00012361944650596257
0.5294117647058824,0.5787476280834913,1.0,0.38899430740037955,91.08890851343227,85.44577058409291,2.309619748989248,0.10798470007208749,0.004702145280532477,0.6444308727039427,-0.009927886656292628,-0.017651495310265775,0.00012677727118426407
0.5333333333333333,0.5913978494623655,1.0,0.3763440860215054,91.1992445097217,86.08524640630682,2.2920316183606477,0.11268131282018601,0.004690191822362522,0.6342204467603665,-0.01052865140630388,-0.017523078877098364,0.00013012642967935584
0.5372549019607843,0.6040480708412397,1.0,0.3636938646426312,91.31427113907264,86.71421147761365,2.2745735912350513,0.11736508371681253,0.00467647352383338,0.623373569891335,-0.011200639314225214,-0.017391242450907063,0.00013356721883472922
0.5411764705882353,0.6166982922201137,1.0,0.35104364326375714,91.43397467715532,87.33199354608949,2.2572491334588336,0.12203425986785277,0.004661014485165538,0.6118191681319161,-0.011942764496108538,-0.017255944439428905,0.00013699964905244943
0.5450980392156862,0.6293485135989879,1.0,0.338393421884883,91.55833965880835,87.93784981387748,2.2400617023561935,0.1266871126871436,0.004643839167957964,0.5994880408991179,-0.012752310368817632,-0.017117243152802164,0.00014032439977507138
0.5490196078431373,0.641998734977862,1.0,0.3257432005060089,91.6873489025296,88.53096962788773,2.2230146471532293,0.1313219382037687,0.004624972278268302,0.5863145473942808,-0.013624827372556325,-0.016975295639878762,0.00014344383904707492
0.5529411764705883,0.6546489563567361,1.0,0.31309297912713474,91.82098353521589,89.11047890866604,2.206111111076436,0.13593705724368021,0.004604438631208296,0.5722383861540052,-0.01455405154627698,-0.016830355474708014,0.00014626309943222005
0.5568627450980392,0.6672991777356103,1.0,0.30044275774826057,91.95922301701697,89.67544640019574,2.1893539362038132,0.1405308154661853,0.00458226299492992,0.5572064443017268,-0.015531849269653009,-0.016682769441014322,0.00014869120116101087
0.5607843137254902,0.6799493991144844,1.0,0.2877925363693865,92.10204516614826,90.22489179726949,2.1727455721944073,0.14510158323354005,0.00455846991127018,0.5411746876146992,-0.016548193622611507,-0.016532973072385992,0.00015064221174088122
0.5647058823529412,0.6925996204933585,1.0,0.27514231499051234,92.24942618348405,90.75779577542514,2.1562879900590413,0.14964775528872565,0.004533083489413059,0.5241100570565038,-0.01759117769566032,-0.01638148501753256,0.00015203642930095018
0.5686274509803921,0.7052498418722326,1.0,0.26249209361163817,92.40134067672571,91.2731119113825,2.139982602159342,0.15416775021236617,0.004506127167914542,0.5059923322233786,-0.018647069734544885,-0.016228900213784092,0.0001528015745978495
0.5725490196078431,0.7179000632511068,1.0,0.2498418722327641,92.55776168390878,91.7697804398719,2.123830189631473,0.15866000962455473,0.004477623438948086,0.48681591758741405,-0.019700414144686818,-0.01607588186833686,0.00015287397393659585
0.5764705882352941,0.730550284629981,1.0,0.23719165085388993,92.71866069597482,92.24674374655733,2.1078308384226685,0.16312299709026234,0.004447593526730742,0.46659150393400495,-0.020734181053402523,-0.0159231522659109,0.00015219971231383855
0.580392156862745,0.7432005060088547,1.0,0.2245414294750162,92.8840076780893,92.7029634477399,2.0919838850996513,0.16755519667801622,0.00441605700950376,0.445347555480609,-0.02172996528658544,-0.015771482443709184,0.00015073573307400334
0.5843137254901961,0.7558507273877292,1.0,0.2118912080961417,93.05377108933085,93.13743885751855,2.07628787353525,0.17195511110926986,0.004383031371165913,0.42313157336083407,-0.02266823324853462,-0.015621680799762894,0.00014845085754455756
0.5882352941176471,0.7685009487666034,1.0,0.19924098671726753,93.22791790030784,93.54922659446157,2.0607405235001255,0.17632125942034804,0.0043485314639006845,0.40001108898353976,-0.023528613325318304,-0.015474580728620069,0.00014532669584721436
0.592156862745098,0.7811511701454774,1.0,0.18659076533839347,93.40641360817155,93.93746103548563,2.04533871207801,0.18065217403707123,0.004312568856402521,0.37607434671019746,-0.024290222125419092,-0.015331027408068465,0.00014135841877871425
0.596078431372549,0.7938013915243516,1.0,0.1739405439595193,93.58922224838199,94.30137528788197,2.0300784686839886,0.18494639713315308,0.004275151033336755,0.3514306447327016,-0.024932015221914128,-0.01519186389106264,0.00013655536073076124
0.6,0.8064516129032256,1.0,0.16129032258064513,93.77630640243785,94.64032232495103,2.0149549842958847,0.18920247610374474,0.004236280398266956,0.3262103162663692,-0.02543314717656031,-0.015057916686606942,0.00013094142550751364
0.6039215686274509,0.8191018342820998,1.0,0.14864010120177107,93.96762720058948,94.9537959204147,1.9999626353107747,0.193418957929687,0.004195953012708031,0.30056435037958096,-0.02577332158898571,-0.014929981040047613,0.00012455527088184315
0.6078431372549019,0.831752055660974,1.0,0.1359898798228969,94.16314431829723,95.24145102571019,1.9850950222157895,0.1975943821291608,0.004154156974962575,0.2746636730883978,-0.025933107713115078,-0.014808806144843256,0.00011745025394233055
0.611764705882353,0.844402277039848,1.0,0.12333965844402273,94.3628159648478,95.5031232665915,1.9703450230210882,0.20172727187961215,0.004110870297850511,0.2486981349533508,-0.025894195612245596,-0.014695080532162952,0.00010969412764511022
0.615686274509804,0.8570524984187222,1.0,0.11068943706514867,94.56659886205645,95.73884729561689,1.9557048611514636,0.20581612272486183,0.004066058074290169,0.2228752818639066,-0.025639556302024857,-0.014589417889553036,0.00010136848912967178
0.6196078431372549,0.8697027197975963,1.0,0.0980392156862745,94.77444821029752,95.94887383031931,1.941166187241982,0.20985938802819248,0.004019668606492388,0.1974190223493011,-0.025153465587763435,-0.014492343553903608,9.256799151369233e-05
0.6235294117647059,0.8823529411764705,1.0,0.08538899430740043,94.98631763811284,96.1336853403155,1.9267201740436564,0.2138554599378466,0.003971627985073667,0.17256835068837972,-0.024421337786172614,-0.014404281906525651,8.339934183332343e-05
0.6274509803921569,0.8950031625553446,1.0,0.07273877292852626,95.20215913017321,96.29401053169607,1.9123576234289308,0.21780264399833982,0.003921832274091486,0.14857634677695586,-0.0234292931441189,-0.014325544870236961,7.398011636938762e-05
0.6313725490196078,0.9076533839342187,1.0,0.06008855154965209,95.42192292610952,96.4308380338694,1.8980690843031824,0.22169912448602958,0.00386197696594337,0.12570976440014192,-0.021557904851068344,-0.014256321673786876,6.325753884989238e-05
0.6352941176470588,0.9203036053130929,1.0,0.04743833017077803,95.64555737914527,96.54543006049636,1.883844980081357,0.22552659793022656,-0.19182027837013393,0.10546053707481917,-0.24688717700626484,-0.014199029792537177,-0.003003361653153347
0.6392156862745098,0.932953826691967,1.0,0.03478810879190386,95.87297612196997,96.64175910801904,1.869671024718108,-0.1619414322542383,-0.43419153612908445,-0.36806458961238775,-0.504600781440729,-0.02026304498009357,-0.007067907592750888
0.6431372549019607,0.9456040480708408,0.9883805374001459,0.022137887413030133,95.3216745146368,95.80930088127158,1.84331889012117,-0.6428564743279424,-0.28256666741302894,-0.9037410258066387,-0.29119053966401154,-0.028334844978038953,-0.00525219346173289
0.6470588235294118,0.9582542694497153,0.973856209150327,0.009487666034155628,94.58726317331408,94.83427705640577,1.8130013347620302,-0.7270747670802962,-0.03424715924263566,-0.9504456689404108,-0.02788694146488524,-0.03076743190355935,-0.001634853850938034
0.6509803921568628,0.9709044908285893,0.9593318809005086,0.0,93.8675249804762,93.90840954339076,1.7817840263140512,-0.7113507928132137,0.015819973710968327,-0.9595149087364092,0.006413898095981807,-0.03160455267991502,-0.0008493808772692679
0.6549019607843137,0.9835547122074635,0.9448075526506902,0.0,93.16456158768766,92.91524723893295,1.7497922294022001,-0.6954348196583595,-0.0326955502501356,-0.9376178727484472,0.039465337662569766,-0.032466193658097886,0.0017699143848169396
0.6588235294117647,0.9962049335863377,0.9302832244008717,0.0,92.47665534115949,92.03317379789387,1.7168516389978554,-0.7767418933134849,-0.10450125463671256,-0.8805842334112697,0.029171690191972743,-0.028064723910281142,0.005639175112812478
0.6627450980392157,1.0,0.9157588961510532,0.0,91.61107780106069,91.15407877211041,1.6936627815816379,-0.9044373289317846,-0.08242775290277038,-0.8792744923645017,0.010010159547100272,-0.02118784343247293,0.004315532065683969
0.6666666666666666,1.0,0.9012345679012348,0.0,90.66778068329592,90.27462481316486,1.6744759521329096,-0.9415973991190256,-0.01682781871588901,-0.8605639143170691,0.02871448769088758,-0.019433659778913204,0.000632135607503137
0.6705882352941176,1.0,0.8867102396514164,0.0,89.72788300282264,89.43295094347627,1.6547954620238114,-0.9380929663635627,0.0036119153234857038,-0.8218455169827266,0.03965578930478486,-0.019923572217466656,-0.00048545032474411887
0.6745098039215687,1.0,0.872185911401598,0.0,88.79159475056879,88.63093377919941,1.6346288076979762,-0.9343735684720542,0.003831955873902615,-0.7812523357074994,0.04152536508056315,-0.02040456042840144,-0.0004750502638017906
0.6784313725490196,1.0,0.8576615831517794,0.0,87.85913586587853,87.87044627206127,1.6139863411670086,-0.9304290546157574,0.004062350988235153,-0.7387947868216003,0.043377425978857076,-0.020873672745070238,-0.00046160807065581677
0.6823529411764706,1.0,0.843137254901961,0.0,86.93073664133728,87.15334420555621,1.5928814622078358,-0.9262488664955839,0.004303510315388337,-0.6944974837497853,0.04519710069908456,-0.021327776569713075,-0.0004449558387293884
0.6862745098039216,1.0,0.8286129266521426,0.0,86.00663813288736,86.4814513045617,1.5713307880275824,-0.9218220339849807,0.0045558468399597984,-0.6484005854234312,0.046968218840031994,-0.021763584422529014,-0.00042495526858177257
0.6901960784313725,1.0,0.8140885984023241,0.0,85.08709257336731,85.85654303470935,1.5493542933627777,-0.9171371728156643,0.0048197746535834085,-0.6005610460697213,0.04867343254174017,-0.02217768710687662,-0.0004015047948187078
0.6941176470588235,1.0,0.7995642701525056,0.0,84.17236378725603,85.28032921242226,1.5269754138138292,-0.9121824846778139,0.0050957063336021236,-0.5510537203399508,0.050294385182521495,-0.02256659401216643,-0.0003745465777567625
0.6980392156862745,1.0,0.7850399419026872,0.0,83.26272760401169,84.75443559402945,1.5042211053384449,-0.9069457601484601,0.00538404988525798,-0.4999722757046783,0.05181192817429192,-0.022926780262390145,-0.00034407302468919543
0.7019607843137254,1.0,0.7705156136528688,0.0,82.35847226695911,84.2803846610129,1.4811218532890489,-0.901414384907298,0.005685205200943955,-0.44742986399136697,0.053206384731137035,-0.02325474006154482,-0.0003101324711813347
0.7058823529411764,1.0,0.7559912854030507,0.0,81.45989883419709,83.85957586604671,1.4577116252153552,-0.8955753497465722,0.005999559988563163,-0.3935595062424042,0.05445785700051786,-0.023547045204752814,-0.00027283363880314937
0.7098039215686275,1.0,0.741466957153232,0.0,80.56732156746597,83.4932656485281,1.4340277628795433,-0.8894152649301716,0.006327485119431486,-0.33851414999033125,0.05554657028201859,-0.02380040733915112,-0.00023234849773290378
0.7137254901960784,1.0,0.7269426289034134,0.0,79.68106830433675,83.18254756606605,1.410110810537053,-0.8829203795077092,0.006669329345275088,-0.282466365678367,0.05645324540086705,-0.024011742200218622,-0.000188913204742569
0.7176470588235294,1.0,0.712418300653595,0.0,78.80148080845055,82.92833291717136,1.386004278479106,-0.8760766062396215,0.007025413334790898,-0.22560765918859715,0.057159487873441606,-0.024178233748636258,-0.00014282686066841022
0.7215686274509804,1.0,0.6978939724037765,0.0,77.9289150918575,82.73133224768885,1.3617543430397805,-0.8688695528381274,0.007396022981779993,-0.16814738993148381,0.057648180535821325,-0.024297395921555442,-9.444793483809333e-05
0.7254901960784313,1.0,0.6833696441539581,0.0,77.0637417027743,82.59203813730839,1.3374094866359951,-0.8612845602760615,0.0077814019398587675,-0.1103112981169545,0.0579038650293171,-0.024367129618312444,-4.4188331673800096e-05
0.7294117647058823,1.0,0.6688453159041396,0.0,76.20634597130538,82.51070965145495,1.3130200838031556,-0.8533067489584099,0.00818174334446553,-0.05233965987284961,0.057913097135632086,-0.024385772584903043,7.494782151007406e-06
0.7333333333333333,1.0,0.6543209876543212,0.0,75.35712820485747,82.4873588175627,1.288637941466189,-0.8449210735871304,0.008597180690497197,0.0055148961543096675,0.05766476154615674,-0.02435214005401043,6.0109124861318364e-05
0.7372549019607844,1.0,0.6397966594045028,0.0,74.51650382413112,82.52173944376356,1.2643158036951347,-0.8361123875774155,0.009027777844035967,0.06298986321946387,0.05715033326348973,-0.024265554335180406,0.00011313901900372736
0.7411764705882353,1.0,0.6252723311546844,0.0,73.68490342970264,82.61333854400162,1.2401068327958282,-0.8268655178990585,0.009473518180488583,0.11981556268128912,0.05636407539315513,-0.024125862016002975,0.00016605816766279702
0.7450980392156863,1.0,0.6107480029048659,0.0,72.862772788333,82.76137056912614,1.2160640796631288,-0.8171653512164383,0.009934292858492455,0.17571801400577414,0.055303166412841165,-0.023933437999854812,0.00021834289377398175
0.7490196078431373,1.0,0.5962236746550474,0.0,72.05057272726977,82.96477457201317,1.1922399567961186,-0.8069969321820736,0.010409888260351607,0.23042189550697145,0.05396775384295793,-0.02368917622845501,0.00026948521427144767
0.7529411764705882,1.0,0.5816993464052289,0.0,71.24877892396886,83.22221436014009,1.1686857272062188,-0.7963455746957351,0.010899972655174395,0.28365352169169,0.052360935264466946,-0.023394467571311917,0.00031900513369853556
0.7568627450980392,1.0,0.5671750181554105,0.0,70.4578815778783,83.53208161539655,1.1454510216534948,-0.7851969868717248,0.011404082170933805,0.33514376603590534,0.05048867149736935,-0.02305116596105794,0.0003664616008635657
0.7607843137254902,1.0,0.5526506899055921,0.0,69.67838495022541,83.8925018922119,1.122583395284103,-0.7735374103538675,0.011921606197017098,0.3846308646864287,0.048359640142713545,-0.022661544369584785,0.0004114616708125185
0.7647058823529411,1.0,0.5381263616557737,0.0,68.91080675717056,84.3013433447694,1.1001279329143252,-0.7613537744776906,0.012451772377833237,0.43186304632133243,0.04598504033858575,-0.022228242619432903,0.00045366754234632545
0.7686274509803921,1.0,0.5236020334059556,0.0,68.15567740127003,84.75622798485456,1.078126910045237,-0.748633865598201,0.012993631402327566,0.4766009453636002,0.04337836130436301,-0.021754209284892134,0.000492801285633393
0.7725490196078432,1.0,0.5090777051561368,0.0,67.41353902597416,85.25454523549661,1.056619514344541,-0.7353665116730355,0.013546041841671297,0.5186197689300585,0.04055512796563576,-0.021242640048166117,0.0005286472213684168
0.7764705882352941,1.0,0.4945533769063183,0.0,66.68494437792396,85.79346752271468,1.0356416299489049,-0.7215417819148584,0.014107655337280534,0.5577112012948717,0.03753263668466289,-0.0206969148421553,0.0005610520495651361
0.7803921568627451,1.0,0.48002904865649987,0.0,65.97045546214444,86.36996763808635,1.0152256846602303,-0.7071512009984744,0.014676902493182098,0.5936850422993842,0.034329692975035186,-0.020120535949035845,0.0005899229420222862
0.7843137254901961,1.0,0.46550472040668145,0.0,65.270641975927,86.98083760731345,0.9954005580508332,-0.6921879769284942,0.015251979876609312,0.6263705872449421,0.030966361230856165,-0.019517068958110728,0.000615223900529871
0.788235294117647,1.0,0.4509803921568629,0.0,64.58607950828745,87.62270881257624,0.9761915467440089,-0.6766472412452558,0.0158308385776742,0.6556177647610966,0.02746373416507808,-0.018890088147976103,0.0006369707395302293
0.792156862745098,1.0,0.4364560639070445,0.0,63.917347493436495,88.29207313683564,0.957620381754881,-0.6605262997731458,0.016411174819342733,0.6812980555750983,0.02384372706026383,-0.01824312747905027,0.0006552250771388324
0.796078431372549,1.0,0.4219317356572261,0.0,63.26502690874116,88.98530492372643,0.9397052917859083,-0.6438248916065703,0.016990423138334876,0.7033052188816242,0.02012889930646722,-0.017579637993698438,0.0006700877150176143
0.8,1.0,0.40740740740740755,0.0,62.629697710223354,89.69868357459889,0.9224611057674841,-0.6265454534964761,0.017565752672467738,0.7215558541880327,0.016342303224767818,-0.01690295204901504,0.0006816917605159678
0.803921568627451,1.0,0.39288307915758913,0.0,62.01193600174821,90.4284166321025,0.9058993876878783,-0.6086933862616348,0.018134067085483707,0.7359898253311599,0.012507358003361446,-0.016216254472666503,0.0006901957997750285
0.807843137254902,1.0,0.3783587509077707,0.0,61.412310937700084,91.17066322526121,0.8900285968221511,-0.5902773193255086,0.018692008631141732,0.7465705701947556,0.008647744809991309,-0.015522560449464984,0.0006957773744829532
0.8117647058823529,1.0,0.3638344226579523,0.0,60.831381363097194,91.92155777249201,0.8748542667889483,-0.5713093689993514,0.019235966799747928,0.7532853149511425,0.004787317853065076,-0.014824699723700596,0.0006986269535970702
0.8156862745098039,1.0,0.34931009440813376,0.0,60.26969219970138,92.6772338551635,0.8603791973747499,-0.5518053857260128,0.019762091897728595,0.7561452059008857,0.0009500253700416295,-0.014125306542270843,0.0006989425296739515
0.8196078431372549,1.0,0.33478576615831535,0.0,59.72777059164517,93.43384818429378,0.8466036537044066,-0.5317851852038942,0.02026631377962218,0.7551853656912257,-0.002840165780106929,-0.013426814664352693,0.0006969249114369136
0.8235294117647058,1.0,0.3202614379084969,0.0,59.20612182929359,94.18760458654594,0.8335255680460445,-0.5112727581667684,0.020744365779187035,0.7504648743406719,-0.006559348076404348,-0.012731456719397016,0.0006927737326189176
0.8274509803921568,1.0,0.3057371096586785,0.0,58.70522507531163,94.93477793297512,0.8211407402656126,-0.4902964536455201,0.021191813669702242,0.742066669538417,-0.010183759405663295,-0.012041267199114858,0.000686684153612005
0.8313725490196078,1.0,0.2912127814088604,0.0,58.22552892200255,95.67173792562278,0.8094430336478148,-0.46888913082736394,0.021604089222194034,0.7300973555293453,-0.013689881817260385,-0.011358088412173006,0.0006788441978218263
0.8352941176470589,1.0,0.27668845315904156,0.0,57.7674468136569,96.39497264403381,0.7984245634412666,-0.44708827520113203,0.021976527623550624,0.7146869059038963,-0.017054556209302518,-0.010683578803471205,0.0006694326388554939
0.8392156862745098,1.0,0.26216412490922314,0.0,57.33135237160029,97.10111173743057,0.7880758760408724,-0.4249360755802627,0.02230440766530606,0.6959882431107403,-0.020255114564239562,-0.010019223134462019,0.0006586173372618853
0.8431372549019608,1.0,0.24763979665940472,0.0,56.91757466249638,97.7869491302553,0.7783861171723425,-0.4024794598705199,0.022582993217906022,0.6741766767754171,-0.023269529461416028,-0.009366344128947435,0.0006465539156333411
0.8470588235294118,1.0,0.2331154684095862,0.0,56.52639345185925,98.4494650909814,0.7693431877829775,-0.37977008914445065,0.02280757405997491,0.6494491841879082,-0.026076578469357514,-0.008726115303195336,0.0006333846572073032
0.8509803921568627,1.0,0.21859114015976777,0.0,56.15803448420748,99.08584749863111,0.7609338865659518,-0.3568643117505701,0.0229735036292098,0.6220235198367021,-0.028656018684980467,-0.008099574814532828,0.0006192375141998441
0.8549019607843137,1.0,0.20406681190994935,0.0,55.81266482835811,99.69351213065481,0.7531440381539118,-0.33382308188603105,0.023076230678405807,0.5921371468179473,-0.030988764143788927,-0.007487640274795648,0.0006042251161074152
0.8588235294117647,1.0,0.18954248366013093,0.0,55.490388320435414,100.270121792267,0.7459586060163605,-0.3107118503937585,0.023111321114122063,0.5600459915491243,-0.03305705604511644,-0.006891124582317998,0.0005884436726820153
0.8627450980392157,1.0,0.1750181554103124,0.0,55.19124112757059,100.81360411375306,0.7393617889892758,-0.2876004396577869,0.02307446538789648,0.5260230347277144,-0.03484461263208871,-0.006310752929431618,0.0005719716679778164
0.8666666666666667,1.0,0.16049382716049398,0.0,54.91518744111984,101.32216786172243,0.7333371001574973,-0.2645629196179655,0.022961465559891536,0.49035676628494684,-0.03633674193911318,-0.005747181246362365,0.0005548682362381541
0.8705882352941177,1.0,0.14596949891067557,0.0,54.66211528833466,101.79431764632295,0.7278674264965511,-0.24167750853800385,0.022768194315283097,0.453349550849488,-0.03752039606526836,-0.00520101645695531,0.0005371710906469651
0.8745098039215686,1.0,0.13144517066085715,0.0,54.43183242404383,102.22886696342141,0.7229350672435867,-0.21902653098739933,0.02249051534365165,0.41531597415441013,-0.03838413936263052,-0.004672839065068435,0.000518893831467887
0.8784313725490196,1.0,0.11692084241103862,0.0,54.22406222635986,102.62494959463177,0.7185217483664142,-0.19669647785070055,0.022124149793096848,0.376581272124227,-0.038917993434683495,-0.004163228794019536,0.0005000223731384534
0.8823529411764706,1.0,0.1023965141612202,0.0,54.03843946834243,102.98202950766986,0.7146086096555476,-0.17477823140120563,0.01012895295053795,0.33747998728504314,-0.05709983688831599,-0.003672794318791528,0.00048564737511330724
0.8862745098039215,1.0,0.08787218591140178,0.0,53.87450576355745,103.29990956920186,0.7111761597288312,-0.17643857194962465,-0.22235326902662322,0.262381598347595,-0.41579820748530594,-0.003191934043792921,0.0005434161124753534
0.8901960784313725,0.9991087344028523,0.07334785766158336,0.0,53.68556232444318,103.50679270436505,0.7082247415679618,-0.6194847694544521,-0.4339895011483179,-0.49411642768556874,-0.73685465729681,-0.002585962093840821,0.0005492621913659734
0.8941176470588235,0.9812834224598939,0.058823529411765274,0.0,52.63553622464855,102.31167671383072,0.7060042355411495,-1.0444175742462605,-0.207859806930891,-1.211327716246025,-0.37297165564792323,-0.0020934096610609743,0.0003541157014189389
0.8980392156862745,0.9634581105169343,0.04429920116194641,0.0,51.59672717595066,101.084137271873,0.7040379222458398,-1.035204383316234,0.00450699787276676,-1.2400597389814152,-0.01962359717299833,-0.0018777306910029434,0.00011798305746515969
0.9019607843137255,0.9456327985739753,0.029774872912127992,0.0,50.56512745801608,99.83155723586789,0.7022487741591437,-1.035403578500727,-0.0043079441893567605,-1.2505749105920216,-0.002473259152004914,-0.0018574435461306549,-6.781793294943772e-05
0.9058823529411765,0.9278074866310163,0.015250544662309573,0.0,49.52592001894921,98.58298745068896,0.7003230351535785,-1.0438202716949476,0.01570323118827588,-1.245006257285425,-0.04288376367225055,-0.002013366556901819,0.0003759878205134848
0.9098039215686274,0.9099821746880573,0.0007262164124910431,0.0,48.47748691462618,97.34154472129704,0.69822204104534,-1.0039971161241752,0.042487433441925404,-1.3363424379365227,-0.09699470545815814,-0.0011054679051036853,0.0009791978529587186
0.9137254901960784,0.8921568627450983,0.0,0.0,47.51792578670086,95.91030257481592,0.6981120993433712,-0.9588454048110968,0.02201300609970147,-1.4389956682017413,-0.05659362418553826,-5.497085098438159e-05,0.0005527339525519537
0.9176470588235294,0.8743315508021392,0.0,0.0,46.55979610500399,94.46355338489356,0.6981120993433713,-0.9599711039247723,-0.0024259232183574397,-1.4495296863075993,-0.008080198501136948,2.220446049250313e-16,2.7485425492190796e-05
0.9215686274509803,0.8565062388591802,0.0,0.0,45.59798357885131,93.01124320220072,0.6981120993433716,-0.9636972512478117,-0.003770402356122915,-1.4551560652040152,-0.00569320276637697,0.0,-2.220446049250313e-16
0.9254901960784314,0.8386809269162212,0.0,0.0,44.63240160250837,91.55324125448553,0.6981120993433713,-0.9675119086370181,-0.0038608789070497807,-1.4609160918403532,-0.005829819843665263,-2.220446049250313e-16,5.551115123125783e-17
0.9294117647058824,0.8208556149732622,0.0,0.0,43.66295976157728,90.08941101852001,0.6981120993433712,-0.9714190090619113,-0.003955418169681479,-1.4668157048913457,-0.005972571502713464,1.1102230246251565e-16,1.1102230246251565e-16
0.9333333333333333,0.8030303030303032,0.0,0.0,42.689563584384544,88.61960984470284,0.6981120993433715,-0.975422744976381,-0.004054291101862617,-1.4728612348457801,-0.006121866882303095,0.0,-5.551115123125783e-17
0.9372549019607843,0.7852049910873442,0.0,0.0,41.712114271624515,87.14368854882845,0.6981120993433712,-0.9795275912656365,-0.004157792891909651,-1.479059438655952,-0.0062781517086243355,0.0,0.0
0.9411764705882353,0.7673796791443852,0.0,0.0,40.73050840185327,85.66149096739093,0.6981120993433715,-0.9837383307602003,-0.004266245700540239,-1.4854175382630288,-0.006485564952498635,0.0,-6.292550842612599e-07
0.9450980392156862,0.7495543672014262,0.0,0.0,39.744637610104114,84.17285347230239,0.6981120993433712,-0.988060082666717,-0.0043800017810688985,-1.4920305685609492,-0.009506908679895787,-1.2585101685225197e-06,-4.248806675863359e-05
0.9490196078431372,0.7317290552584672,0.0,0.0,38.75438823651984,82.67742983026903,0.6981095823230344,-0.9924983343223381,-0.0044994470399597475,-1.5044313556228204,-0.0167622461041681,-8.497613351726718e-05,-0.00014930064809931531
0.9529411764705882,0.7139037433155082,0.0,0.0,37.75964094145944,81.16399076105675,0.6979421470763366,-0.9970589767466365,-0.004625005111556391,-1.5255550607692854,-0.022701682109314447,-0.00029985980636715315,-0.00024358869491808433
0.9568627450980391,0.6960784313725497,0.0,0.0,36.760270283026564,79.62631970873046,0.6975098627103001,-1.001748344545451,-0.004757142035204609,-1.5498347198414493,-0.02432572015710477,-0.0005721535233534358,-0.00028017990482864796
0.9607843137254902,0.6782531194295901,0.0,0.0,35.756144252368536,78.06432132137385,0.6967978400296297,-1.0065732608170457,-0.004896371640954911,-1.574206501083495,-0.024414412202887092,-0.0008602196160244491,-0.00029689687186626457
0.9647058823529412,0.6604278074866311,0.0,0.0,34.74712376139247,76.47790670656347,0.6957894234782512,-1.0115410878273607,-0.005043261771662699,-1.5986635442472235,-0.02449578398386265,-0.001165947267085965,-0.0003156364957873359
0.9686274509803922,0.6426024955436721,0.0,0.0,33.733062076713814,74.8669942328794,0.6944659454954578,-1.016659784360371,-0.0051984414959633796,-1.6231980690512202,-0.024568782546715795,-0.0014914926075991208,-0.0003366892305100011
0.9725490196078431,0.6247771836007131,0.0,0.0,32.71380419267173,73.23151056846103,0.692806438263053,-1.0219379708192875,-0.005362609500656035,-1.647801109340655,-0.02463205641083377,-0.0018393257281059672,-0.00036039747331867433
0.9764705882352941,0.606951871657754,0.0,0.0,31.68918613507524,71.5713920141981,0.6907872940392459,-1.0273850033616831,-0.00553654389252678,-1.6724621818728878,-0.02468388124250609,-0.0022122875542364695,-0.0003871666359309134
0.9803921568627451,0.589126559714795,0.0,0.0,30.659034185948364,69.88658620471526,0.68838186315458,-1.033011058604341,-0.005721113692159108,-1.6971688718256672,-0.024722064899883378,-0.002613658999967794,-0.0004174789670352286
0.984313725490196,0.571301247771836,0.0,0.0,29.623164017866557,68.17705427054676,0.6855599760393103,-1.0388272307460014,-0.005917292368909699,-1.7219063116726545,-0.024743825468398484,-0.0030472454883069267,-0.00045191090999649464
0.9882352941176471,0.553475935828877,0.0,0.0,28.58137972445636,66.44277358136995,0.6822873721779662,-1.0448456433421605,-0.006126173850644179,-1.7466565227624642,-0.02474563369875682,-0.003517480819960783,-0.0004911550313912161
0.9921568627450981,0.535650623885918,0.0,0.0,27.533472731182236,64.68374122502183,0.6785250143993887,-1.0510795784472897,-0.006348991550039429,-1.7713975790701681,-0.024723008201053887,-0.004029555551089359,-0.000536047898183678
0.996078431372549,0.517825311942959,0.0,0.0,26.479220567561782,62.89997842322961,0.6742282610757875,-1.0575436264422393,-0.004877755408367435,-1.796102539164572,-0.018522348733377214,-0.004589576616328139,-0.0004264221789828382
1.0,0.5,0.0,0.0,25.418385478297758,61.09153614669269,0.6693458611667324,-1.0608350892640246,-0.0032914628217852737,-1.8084422765369226,-0.012339737372350612,-0.004882399909055035,-0.0002928232927268959
